Lx,Lz,alpha,gamma,min_Re,count
5.5263,4.9474,1.13696059,1.26999743,137.76993746,3
6.0526,2.8421,1.03809690,2.21075448,180.20272032,1
12.3684,7.4737,0.50800308,0.84070612,107.20586798,3
15.0000,7.8947,0.41887902,0.79587385,114.79871618,4
12.3684,2.8421,0.50800308,2.21075448,288.92371429,2
8.6842,3.2632,0.72351919,1.92546743,173.49874172,1
13.4211,10.0000,0.46815725,0.62831853,112.79993415,5
14.4737,3.2632,0.43411051,1.92546743,255.24931520,2
8.1579,9.5789,0.77019641,0.65594017,165.86376517,4
11.8421,4.1053,0.53058033,1.53050576,155.43089360,3
15.0000,8.7368,0.41887902,0.71916323,111.55491045,6
10.7895,3.6842,0.58234258,1.70544088,167.28212347,1
6.5789,8.3158,0.95505104,0.75557196,180.98661552,7
13.9474,9.5789,0.45049151,0.65594017,110.24819722,5
6.5789,9.1579,0.95505104,0.68609455,222.31863059,2
10.2632,6.2105,0.61220529,1.01170362,104.69926920,2
6.0526,5.3684,1.03809690,1.17040185,128.94376794,2
11.8421,4.5263,0.53058033,1.38815043,139.76364001,4
6.0526,2.4211,1.03809690,2.59517794,238.75287758,2
12.3684,5.3684,0.50800308,1.17040185,124.49844547,3
6.5789,7.8947,0.95505104,0.79587385,163.60201661,4
5.5263,3.6842,1.13696059,1.70544088,132.38806916,4
11.8421,10.0000,0.53058033,0.62831853,118.32719636,5
10.7895,3.2632,0.58234258,1.92546743,201.32649071,2
7.1053,7.0526,0.88429557,0.89090340,219.83038462,1
6.5789,8.7368,0.95505104,0.71916323,200.95692748,2
11.3158,7.0526,0.55525772,0.89090340,104.85169045,4
12.8947,7.0526,0.48726882,0.89090340,110.77112214,2
15.0000,5.7895,0.41887902,1.08527253,134.97957821,3
12.3684,9.5789,0.50800308,0.65594017,112.15193574,6
15.0000,7.4737,0.41887902,0.84070612,117.57796102,3
5.5263,3.2632,1.13696059,1.92546743,147.33781844,1
8.6842,8.3158,0.72351919,0.75557196,123.77582510,7
8.6842,9.1579,0.72351919,0.68609455,139.52515292,9
14.4737,8.3158,0.43411051,0.75557196,111.26582061,5
13.4211,6.2105,0.46815725,1.01170362,119.77218063,3
14.4737,9.1579,0.43411051,0.68609455,110.04541506,5
9.7368,6.6316,0.64530290,0.94746144,102.05958530,3
7.6316,6.6316,0.82331167,0.94746144,111.72584284,3
9.7368,4.9474,0.64530290,1.26999743,115.38346051,3
7.6316,4.9474,0.82331167,1.26999743,107.43813930,4
8.6842,7.8947,0.72351919,0.79587385,117.87450646,8
9.2105,6.6316,0.68217635,0.94746144,101.80108637,3
5.0000,4.1053,1.25663706,1.53050576,142.62509539,4
9.2105,4.9474,0.68217635,1.26999743,112.60877532,3
14.4737,7.8947,0.43411051,0.79587385,112.97401525,8
6.5789,5.7895,0.95505104,1.08527253,119.25125561,2
8.6842,8.7368,0.72351919,0.71916323,130.80514147,9
15.0000,5.3684,0.41887902,1.17040185,142.64032479,3
5.0000,4.5263,1.25663706,1.38815043,151.20855931,2
6.5789,7.4737,0.95505104,0.84070612,149.45134817,2
10.2632,7.0526,0.61220529,0.89090340,102.52484871,4
14.4737,8.7368,0.43411051,0.71916323,110.30081252,8
6.5789,2.8421,0.95505104,2.21075448,186.54276300,1
11.8421,6.2105,0.53058033,1.01170362,111.38976622,4
10.7895,8.3158,0.58234258,0.75557196,106.38737568,7
10.7895,9.1579,0.58234258,0.68609455,114.36827956,7
9.7368,3.6842,0.64530290,1.70544088,156.17247309,1
7.6316,3.6842,0.82331167,1.70544088,137.29303037,4
10.7895,7.8947,0.58234258,0.79587385,104.35352802,7
15.0000,9.5789,0.41887902,0.65594017,111.07168045,4
9.2105,3.6842,0.68217635,1.70544088,150.93475368,2
6.5789,5.3684,0.95505104,1.17040185,112.29406417,4
8.1579,4.1053,0.77019641,1.53050576,125.29242612,3
6.5789,2.4211,0.95505104,2.59517794,250.10853510,2
8.6842,5.7895,0.72351919,1.08527253,102.85882412,3
10.7895,8.7368,0.58234258,0.71916323,109.64593395,8
13.9474,4.1053,0.45049151,1.53050576,175.94422319,1
14.4737,5.7895,0.43411051,1.08527253,131.52739805,3
5.5263,7.8947,1.13696059,0.79587385,214.24472228,2
8.1579,4.5263,0.77019641,1.38815043,114.99088816,3
8.6842,7.4737,0.72351919,0.84070612,110.11454381,4
9.7368,3.2632,0.64530290,1.92546743,186.97701713,2
7.6316,3.2632,0.82331167,1.92546743,161.39905405,2
8.6842,2.8421,0.72351919,2.21075448,219.59444174,2
14.4737,7.4737,0.43411051,0.84070612,115.47909956,4
13.4211,7.0526,0.46815725,0.89090340,113.12783787,3
13.9474,4.5263,0.45049151,1.38815043,157.46554704,3
9.2105,3.2632,0.68217635,1.92546743,180.10481460,1
7.1053,6.6316,0.88429557,0.94746144,125.39501074,2
8.1579,10.0000,0.77019641,0.62831853,182.74658657,5
11.3158,6.6316,0.55525772,0.94746144,106.36643233,2
7.1053,4.9474,0.88429557,1.26999743,107.77337112,4
12.8947,6.6316,0.48726882,0.94746144,113.31488455,3
6.5789,9.5789,0.95505104,0.65594017,243.76057936,3
11.3158,4.9474,0.55525772,1.26999743,125.26353756,4
12.8947,4.9474,0.48726882,1.26999743,136.55007108,3
13.9474,10.0000,0.45049151,0.62831853,111.95128135,5
6.0526,4.1053,1.03809690,1.53050576,120.67416262,5
5.0000,6.2105,1.25663706,1.01170362,173.58668148,3
10.7895,5.7895,0.58234258,1.08527253,110.01814638,4
12.3684,4.1053,0.50800308,1.53050576,160.43178820,4
8.6842,5.3684,0.72351919,1.17040185,105.53962646,4
14.4737,5.3684,0.43411051,1.17040185,138.87067134,3
6.0526,4.5263,1.03809690,1.38815043,126.71530023,4
11.8421,7.0526,0.53058033,0.89090340,106.58495438,4
10.7895,7.4737,0.58234258,0.84070612,103.40012600,4
12.3684,4.5263,0.50800308,1.38815043,144.05659179,3
10.7895,2.8421,0.58234258,2.21075448,258.25553020,2
5.5263,5.7895,1.13696059,1.08527253,142.73372878,2
6.0526,10.0000,1.03809690,0.62831853,280.03405307,1
7.1053,3.6842,0.88429557,1.70544088,133.86756662,4
12.3684,10.0000,0.50800308,0.62831853,115.77489085,6
11.3158,3.6842,0.55525772,1.70544088,173.07922992,1
5.5263,7.4737,1.13696059,0.84070612,196.14062828,1
12.8947,3.6842,0.48726882,1.70544088,191.15322212,2
10.2632,6.6316,0.61220529,0.94746144,103.04111470,4
8.6842,9.5789,0.72351919,0.65594017,150.20267567,8
9.7368,8.3158,0.64530290,0.75557196,111.42181870,8
9.7368,9.1579,0.64530290,0.68609455,124.60850969,7
5.5263,2.8421,1.13696059,2.21075448,175.40098733,1
10.2632,4.9474,0.61220529,1.26999743,118.45953156,3
7.6316,8.3158,0.82331167,0.75557196,142.33923713,7
14.4737,9.5789,0.43411051,0.65594017,110.49275625,5
7.6316,9.1579,0.82331167,0.68609455,169.66336917,7
9.2105,8.3158,0.68217635,0.75557196,117.79932162,7
9.2105,9.1579,0.68217635,0.68609455,130.85839647,7
10.7895,5.3684,0.58234258,1.17040185,114.88683857,5
9.7368,7.8947,0.64530290,0.79587385,110.77720489,7
8.1579,6.2105,0.77019641,1.01170362,111.48241879,2
7.1053,3.2632,0.88429557,1.92546743,156.15707564,1
7.6316,7.8947,0.82331167,0.79587385,194.18363623,5
11.3158,3.2632,0.55525772,1.92546743,208.73566465,2
12.8947,3.2632,0.48726882,1.92546743,231.63384869,2
13.9474,6.2105,0.45049151,1.01170362,122.79353874,4
9.2105,7.8947,0.68217635,0.79587385,110.50566231,10
9.7368,8.7368,0.64530290,0.71916323,118.38533205,8
5.5263,5.3684,1.13696059,1.17040185,138.30791203,2
5.5263,2.4211,1.13696059,2.59517794,228.71743244,1
7.6316,8.7368,0.82331167,0.71916323,154.53711808,7
15.0000,4.1053,0.41887902,1.53050576,186.60588492,1
9.2105,8.7368,0.68217635,0.71916323,123.92721847,7
10.7895,9.5789,0.58234258,0.65594017,120.91529024,7
10.2632,3.6842,0.61220529,1.70544088,161.63582701,2
13.4211,6.6316,0.46815725,0.94746144,115.95271821,4
15.0000,4.5263,0.41887902,1.38815043,166.73455355,3
13.4211,4.9474,0.46815725,1.26999743,140.51072708,3
6.0526,6.2105,1.03809690,1.01170362,135.60171500,2
5.5263,9.5789,1.13696059,0.65594017,281.64047469,1
15.0000,10.0000,0.41887902,0.62831853,111.82835031,5
12.3684,6.2105,0.50800308,1.01170362,114.04766928,4
9.7368,5.7895,0.64530290,1.08527253,105.53745718,5
10.2632,3.2632,0.61220529,1.92546743,194.06376617,1
6.5789,4.1053,0.95505104,1.53050576,119.43970047,4
7.6316,5.7895,0.82331167,1.08527253,104.19715493,3
9.7368,7.4737,0.64530290,0.84070612,103.73968844,3
9.2105,5.7895,0.68217635,1.08527253,103.89029903,2
7.6316,7.4737,0.82331167,0.84070612,135.35627536,4
11.8421,6.6316,0.53058033,0.94746144,108.48422673,2
7.1053,8.3158,0.88429557,0.75557196,158.37675200,5
6.5789,4.5263,0.95505104,1.38815043,112.86346259,4
7.1053,9.1579,0.88429557,0.68609455,194.00397994,3
7.6316,2.8421,0.82331167,2.21075448,201.97788275,2
11.3158,8.3158,0.55525772,0.75557196,105.85944468,7
11.3158,9.1579,0.55525772,0.68609455,111.50491338,9
11.8421,4.9474,0.53058033,1.26999743,128.90845885,3
12.8947,8.3158,0.48726882,0.75557196,107.91921728,8
12.8947,9.1579,0.48726882,0.68609455,109.14209268,5
9.2105,7.4737,0.68217635,0.84070612,105.74207807,5
9.7368,2.8421,0.64530290,2.21075448,238.50417718,2
9.2105,2.8421,0.68217635,2.21075448,228.92213468,2
13.4211,3.6842,0.46815725,1.70544088,197.35283538,1
8.1579,7.0526,0.77019641,0.89090340,110.42988623,4
6.5789,10.0000,0.95505104,0.62831853,264.14669215,3
7.1053,7.8947,0.88429557,0.79587385,145.23381121,4
11.3158,7.8947,0.55525772,0.79587385,104.60385132,7
13.9474,7.0526,0.45049151,0.89090340,115.61716028,3
12.8947,7.8947,0.48726882,0.79587385,108.15256905,7
9.7368,5.3684,0.64530290,1.17040185,109.48082233,3
7.1053,8.7368,0.88429557,0.71916323,174.69461286,7
7.6316,5.3684,0.82331167,1.17040185,104.58853542,4
11.3158,8.7368,0.55525772,0.71916323,108.11450182,9
7.6316,2.4211,0.82331167,2.59517794,275.32731635,2
8.6842,4.1053,0.72351919,1.53050576,128.74341965,3
12.8947,8.7368,0.48726882,0.71916323,108.09318924,6
13.4211,3.2632,0.46815725,1.92546743,239.44009790,2
9.2105,5.3684,0.68217635,1.17040185,107.26668329,5
14.4737,4.1053,0.43411051,1.53050576,181.24848693,1
11.8421,3.6842,0.53058033,1.70544088,179.00240566,3
15.0000,6.2105,0.41887902,1.01170362,129.07670085,5
8.6842,4.5263,0.72351919,1.38815043,117.57223605,3
10.2632,8.3158,0.61220529,0.75557196,108.02476456,9
10.2632,9.1579,0.61220529,0.68609455,119.46283442,8
14.4737,4.5263,0.43411051,1.38815043,162.07283717,3
6.0526,7.0526,1.03809690,0.89090340,155.32997524,2
12.3684,7.0526,0.50800308,0.89090340,108.57675839,2
9.7368,9.5789,0.64530290,0.65594017,131.46224524,8
8.6842,10.0000,0.72351919,0.62831853,163.17309294,5
7.6316,9.5789,0.82331167,0.65594017,187.84100145,5
14.4737,10.0000,0.43411051,0.62831853,111.67375631,4
10.2632,7.8947,0.61220529,0.79587385,104.90984476,8
9.2105,9.5789,0.68217635,0.65594017,139.25431465,7
7.1053,5.7895,0.88429557,1.08527253,108.52334875,3
5.0000,6.6316,1.25663706,0.94746144,286.42229975,1
11.8421,3.2632,0.53058033,1.92546743,216.26823119,2
11.3158,5.7895,0.55525772,1.08527253,112.66252293,4
5.0000,4.9474,1.25663706,1.26999743,149.79241616,4
12.8947,5.7895,0.48726882,1.08527253,121.60678790,3
10.7895,4.1053,0.58234258,1.53050576,145.77973201,3
7.1053,7.4737,0.88429557,0.84070612,192.31887552,1
11.3158,7.4737,0.55525772,0.84070612,104.27463957,4
10.2632,8.7368,0.61220529,0.71916323,112.73865486,8
6.5789,6.2105,0.95505104,1.01170362,245.16300168,1
12.8947,7.4737,0.48726882,0.84070612,109.07863166,4
7.1053,2.8421,0.88429557,2.21075448,193.90136253,1
11.3158,2.8421,0.55525772,2.21075448,268.36160056,2
12.8947,2.8421,0.48726882,2.21075448,299.34792660,2
10.7895,4.5263,0.58234258,1.38815043,131.54714468,3
5.5263,4.1053,1.13696059,1.53050576,126.10894551,5
13.4211,8.3158,0.46815725,0.75557196,108.77193072,5
13.4211,9.1579,0.46815725,0.68609455,109.04606998,4
10.7895,10.0000,0.58234258,0.62831853,127.44854456,7
5.5263,4.5263,1.13696059,1.38815043,137.23964098,2
7.1053,5.3684,0.88429557,1.17040185,117.03937615,3
7.1053,2.4211,0.88429557,2.59517794,262.38268100,2
11.3158,5.3684,0.55525772,1.17040185,117.93355290,3
13.4211,7.8947,0.46815725,0.79587385,109.83198094,7
12.8947,5.3684,0.48726882,1.17040185,127.96234171,3
5.0000,3.6842,1.25663706,1.70544088,144.84100400,3
8.1579,6.6316,0.77019641,0.94746144,105.40576270,2
5.5263,10.0000,1.13696059,0.62831853,286.74415843,1
10.2632,5.7895,0.61220529,1.08527253,107.61800513,5
8.1579,4.9474,0.77019641,1.26999743,108.42416680,6
15.0000,7.0526,0.41887902,0.89090340,120.90847836,3
13.9474,6.6316,0.45049151,0.94746144,118.70440358,4
8.6842,6.2105,0.72351919,1.01170362,101.91350402,3
13.9474,4.9474,0.45049151,1.26999743,144.54671090,3
10.2632,7.4737,0.61220529,0.84070612,103.12740217,4
13.4211,8.7368,0.46815725,0.71916323,108.50941312,5
14.4737,6.2105,0.43411051,1.01170362,125.89910421,4
10.2632,2.8421,0.61220529,2.21075448,248.29383704,2
11.8421,8.3158,0.53058033,0.75557196,106.07577473,7
11.8421,9.1579,0.53058033,0.68609455,110.04732993,7
7.1053,9.5789,0.88429557,0.65594017,215.53827344,4
5.0000,3.2632,1.25663706,1.92546743,149.72709274,3
11.3158,9.5789,0.55525772,0.65594017,116.24691190,7
12.8947,9.5789,0.48726882,0.65594017,111.16389799,5
11.8421,7.8947,0.53058033,0.79587385,105.41378128,7
6.0526,6.6316,1.03809690,0.94746144,143.73714266,1
6.5789,7.0526,0.95505104,0.89090340,170.34906720,2
6.0526,4.9474,1.03809690,1.26999743,128.66742097,4
10.2632,5.3684,0.61220529,1.17040185,112.04960065,4
12.3684,6.6316,0.50800308,0.94746144,110.81480598,3
8.1579,3.6842,0.77019641,1.70544088,141.39337356,3
11.8421,8.7368,0.53058033,0.71916323,107.59559278,7
12.3684,4.9474,0.50800308,1.26999743,132.67736990,3
10.7895,6.2105,0.58234258,1.01170362,106.65836605,3
13.4211,5.7895,0.46815725,1.08527253,124.82923699,3
13.9474,3.6842,0.45049151,1.70544088,203.62080155,1
9.7368,4.1053,0.64530290,1.53050576,136.76856821,3
13.4211,7.4737,0.46815725,0.84070612,111.14611735,2
7.6316,4.1053,0.82331167,1.53050576,122.39791591,3
9.2105,4.1053,0.68217635,1.53050576,132.60143895,3
5.5263,6.2105,1.13696059,1.01170362,151.10814416,3
9.7368,4.5263,0.64530290,1.38815043,124.01621973,3
8.1579,3.2632,0.77019641,1.92546743,167.22977816,1
7.6316,4.5263,0.82331167,1.38815043,113.07052457,3
10.2632,9.5789,0.61220529,0.65594017,125.78630450,7
13.9474,3.2632,0.45049151,1.92546743,247.31468333,1
9.2105,4.5263,0.68217635,1.38815043,120.62109202,3
9.7368,10.0000,0.64530290,0.62831853,139.58281242,8
6.0526,3.6842,1.03809690,1.70544088,130.54252546,3
7.6316,10.0000,0.82331167,0.62831853,208.72864319,2
8.6842,7.0526,0.72351919,0.89090340,105.26197591,4
11.8421,5.7895,0.53058033,1.08527253,115.49887471,4
5.0000,8.3158,1.25663706,0.75557196,255.02135399,1
5.0000,9.1579,1.25663706,0.68609455,299.02971493,1
12.3684,3.6842,0.50800308,1.70544088,185.03223382,1
14.4737,7.0526,0.43411051,0.89090340,118.21653122,4
9.2105,10.0000,0.68217635,0.62831853,149.34776161,8
13.4211,5.3684,0.46815725,1.17040185,131.52135688,3
11.8421,7.4737,0.53058033,0.84070612,105.57983976,3
11.8421,2.8421,0.53058033,2.21075448,278.59018003,2
5.0000,7.8947,1.25663706,0.79587385,236.34176480,1
15.0000,6.6316,0.41887902,0.94746144,124.47966058,4
6.0526,3.2632,1.03809690,1.92546743,148.55078010,1
15.0000,4.9474,0.41887902,1.26999743,152.80562939,4
12.3684,3.2632,0.50800308,1.92546743,223.90587821,2
5.0000,8.7368,1.25663706,0.71916323,281.20202832,1
13.4211,9.5789,0.46815725,0.65594017,110.42995989,6
10.7895,7.0526,0.58234258,0.89090340,103.45773676,4
11.8421,5.3684,0.53058033,1.17040185,121.14772707,3
8.1579,8.3158,0.77019641,0.75557196,131.38841585,9
8.1579,9.1579,0.77019641,0.68609455,151.87732160,6
7.1053,4.1053,0.88429557,1.53050576,120.30312660,3
13.9474,8.3158,0.45049151,0.75557196,109.90544806,5
13.9474,9.1579,0.45049151,0.68609455,109.37740414,6
11.3158,4.1053,0.55525772,1.53050576,150.53989789,3
12.8947,4.1053,0.48726882,1.53050576,165.52605974,1
6.5789,6.6316,0.95505104,0.94746144,219.35242310,1
5.5263,7.0526,1.13696059,0.89090340,271.62975117,3
6.5789,4.9474,0.95505104,1.26999743,121.21330779,4
8.1579,7.8947,0.77019641,0.79587385,124.22661987,6
9.7368,6.2105,0.64530290,1.01170362,103.13348048,3
7.1053,4.5263,0.88429557,1.38815043,112.14564865,5
7.6316,6.2105,0.82331167,1.01170362,106.38726282,5
11.3158,4.5263,0.55525772,1.38815043,135.58612221,3
15.0000,3.6842,0.41887902,1.70544088,216.32915330,3
11.8421,9.5789,0.53058033,0.65594017,113.55888140,4
12.8947,4.5263,0.48726882,1.38815043,148.44696191,3
13.9474,7.8947,0.45049151,0.79587385,111.30742555,7
5.0000,5.7895,1.25663706,1.08527253,207.15688496,2
9.2105,6.2105,0.68217635,1.01170362,102.11740727,3
8.1579,8.7368,0.77019641,0.71916323,140.50348037,7
5.0000,7.4737,1.25663706,0.84070612,219.62773881,1
7.1053,10.0000,0.88429557,0.62831853,238.16677097,4
11.3158,10.0000,0.55525772,0.62831853,122.66032979,4
5.0000,2.8421,1.25663706,2.21075448,173.14424426,2
12.8947,10.0000,0.48726882,0.62831853,114.40167926,5
13.9474,8.7368,0.45049151,0.71916323,109.26829273,8
6.0526,8.3158,1.03809690,0.75557196,292.30228361,1
6.0526,9.1579,1.03809690,0.68609455,247.17808822,1
12.3684,8.3158,0.50800308,0.75557196,106.81762907,7
12.3684,9.1579,0.50800308,0.68609455,109.52391033,7
15.0000,3.2632,0.41887902,1.92546743,263.23702357,2
8.6842,6.6316,0.72351919,0.94746144,102.65987002,3
10.2632,4.1053,0.61220529,1.53050576,141.17741140,3
6.5789,3.6842,0.95505104,1.70544088,131.42841774,3
8.6842,4.9474,0.72351919,1.26999743,110.23636373,3
12.3684,7.8947,0.50800308,0.79587385,106.63012240,6
14.4737,6.6316,0.43411051,0.94746144,121.55153345,4
5.0000,5.3684,1.25663706,1.17040185,187.71406537,3
14.4737,4.9474,0.43411051,1.26999743,148.64780354,3
5.0000,2.4211,1.25663706,2.59517794,220.71289285,2
10.2632,4.5263,0.61220529,1.38815043,127.67696891,4
8.1579,5.7895,0.77019641,1.08527253,102.75866925,3
12.3684,8.7368,0.50800308,0.71916323,107.77035782,6
13.9474,5.7895,0.45049151,1.08527253,128.14045544,3
8.1579,7.4737,0.77019641,0.84070612,118.86572607,5
10.2632,10.0000,0.61220529,0.62831853,132.56458875,8
8.1579,2.8421,0.77019641,2.21075448,210.58397912,2
6.5789,3.2632,0.95505104,1.92546743,151.74066325,1
13.9474,7.4737,0.45049151,0.84070612,113.37058618,2
9.7368,7.0526,0.64530290,0.89090340,102.24686491,3
7.6316,7.0526,0.82331167,0.89090340,120.05883880,3
7.1053,6.2105,0.88429557,1.01170362,114.43291338,2
10.7895,6.6316,0.58234258,0.94746144,104.52234815,4
11.3158,6.2105,0.55525772,1.01170362,108.91093438,3
8.6842,3.6842,0.72351919,1.70544088,145.98096057,4
10.7895,4.9474,0.58234258,1.26999743,121.76888930,3
12.8947,6.2105,0.48726882,1.01170362,116.85035123,4
9.2105,7.0526,0.68217635,0.89090340,102.95438379,4
13.4211,4.1053,0.46815725,1.53050576,170.70046131,1
14.4737,3.6842,0.43411051,1.70544088,209.94861282,1
6.0526,5.7895,1.03809690,1.08527253,130.74914621,2
15.0000,8.3158,0.41887902,0.75557196,112.81197487,5
15.0000,9.1579,0.41887902,0.68609455,110.98241541,6
8.1579,5.3684,0.77019641,1.17040185,104.51701243,3
8.1579,2.4211,0.77019641,2.59517794,288.77937478,2
12.3684,5.7895,0.50800308,1.08527253,118.48959449,4
13.4211,4.5263,0.46815725,1.38815043,152.92045336,3
5.5263,6.6316,1.13696059,0.94746144,163.26999991,2
13.9474,5.3684,0.45049151,1.17040185,135.16126401,3
6.0526,7.4737,1.03809690,0.84070612,170.37633752,3
