timestamp,level_idx,J,K,L,source,attempted_seeds,hookstep_converged,accepted_postfilter,unique_solutions,promotions_reconverged
2026-03-04T11:43:25,1,1,3,5,fuzz,100000,10708,1463,10,0
2026-03-04T11:48:58,2,1,4,5,promotion,10,9,9,7,7
2026-03-04T11:49:02,3,2,4,5,promotion,7,7,7,7,7
2026-03-04T11:49:22,4,2,4,6,promotion,7,7,6,6,6
2026-03-04T11:52:16,5,2,4,7,promotion,6,6,6,6,6
2026-03-04T12:33:23,6,2,4,8,promotion,6,6,6,6,6
2026-03-04T12:50:12,7,2,4,9,promotion,6,6,5,5,5
2026-03-04T16:29:46,8,3,4,9,promotion,5,1,1,1,1
2026-03-04T19:29:58,9,3,5,9,promotion,1,0,0,0,0
