timestamp,physical_id,case,group,J,K,L,source,sol_id,direction,status,n_points,min_Re,max_Re,min_input,max_input,error,out_dir,seed
2026-04-27T21:37:15,re300_lx10_lz6_006,re300_lx10_lz6,A,3,5,9,ls,1,minus,resume,0,NaN,NaN,NaN,NaN,,/home/ebenq/dev/MyCloudAtlas.jl/notebooks/eqb_fuzzing/eqb_catalog/dns_bidirectional_bifurcations/re300_lx10_lz6_006/minus,/home/ebenq/dev/MyCloudAtlas.jl/notebooks/eqb_fuzzing/eqb_catalog/solutions/re300_lx10_lz6_006/A_J3K5L9_ubest.nc
2026-04-27T21:37:15,re300_lx10_lz6_010,re300_lx10_lz6,B,2,4,9,ls,3,minus,resume,39,274.38199,300.02,1.3940977,1.6290406,,/home/ebenq/dev/MyCloudAtlas.jl/notebooks/eqb_fuzzing/eqb_catalog/dns_bidirectional_bifurcations/re300_lx10_lz6_010/minus,/home/ebenq/dev/MyCloudAtlas.jl/notebooks/eqb_fuzzing/eqb_catalog/solutions/re300_lx10_lz6_010/B_J2K4L9_ubest.nc
2026-04-27T21:37:15,re300_lx10_lz6_026,re300_lx10_lz6,A,2,4,5,on,2,minus,resume,42,242.12025,300.02,2.3834743,2.7389323,,/home/ebenq/dev/MyCloudAtlas.jl/notebooks/eqb_fuzzing/eqb_catalog/dns_bidirectional_bifurcations/re300_lx10_lz6_026/minus,/home/ebenq/dev/MyCloudAtlas.jl/notebooks/eqb_fuzzing/eqb_catalog/solutions/re300_lx10_lz6_026/A_J2K4L5_ubest.nc
2026-04-27T21:37:15,re300_lx10_lz6_008,re300_lx10_lz6,B,2,4,9,on,1,minus,resume,45,254.34243,736.7627,1.3688616,1.7887115,,/home/ebenq/dev/MyCloudAtlas.jl/notebooks/eqb_fuzzing/eqb_catalog/dns_bidirectional_bifurcations/re300_lx10_lz6_008/minus,/home/ebenq/dev/MyCloudAtlas.jl/notebooks/eqb_fuzzing/eqb_catalog/solutions/re300_lx10_lz6_008/B_J2K4L9_ubest.nc
2026-04-27T21:37:15,re300_lx10_lz6_006,re300_lx10_lz6,A,3,5,9,ls,1,plus,resume,18,299.98,519.01983,1.0977836,1.3282504,,/home/ebenq/dev/MyCloudAtlas.jl/notebooks/eqb_fuzzing/eqb_catalog/dns_bidirectional_bifurcations/re300_lx10_lz6_006/plus,/home/ebenq/dev/MyCloudAtlas.jl/notebooks/eqb_fuzzing/eqb_catalog/solutions/re300_lx10_lz6_006/A_J3K5L9_ubest.nc
2026-04-27T21:37:15,re300_lx10_lz6_010,re300_lx10_lz6,B,2,4,9,ls,3,plus,resume,25,283.92229,324.84911,1.3345615,1.5852206,,/home/ebenq/dev/MyCloudAtlas.jl/notebooks/eqb_fuzzing/eqb_catalog/dns_bidirectional_bifurcations/re300_lx10_lz6_010/plus,/home/ebenq/dev/MyCloudAtlas.jl/notebooks/eqb_fuzzing/eqb_catalog/solutions/re300_lx10_lz6_010/B_J2K4L9_ubest.nc
2026-04-27T21:37:15,re300_lx10_lz6_008,re300_lx10_lz6,B,2,4,9,on,1,plus,resume,15,299.98,506.72302,1.1528324,1.3689944,,/home/ebenq/dev/MyCloudAtlas.jl/notebooks/eqb_fuzzing/eqb_catalog/dns_bidirectional_bifurcations/re300_lx10_lz6_008/plus,/home/ebenq/dev/MyCloudAtlas.jl/notebooks/eqb_fuzzing/eqb_catalog/solutions/re300_lx10_lz6_008/B_J2K4L9_ubest.nc
2026-04-27T21:37:15,re300_lx10_lz6_026,re300_lx10_lz6,A,2,4,5,on,2,plus,resume,36,299.98,380.19503,2.7387553,2.9303093,,/home/ebenq/dev/MyCloudAtlas.jl/notebooks/eqb_fuzzing/eqb_catalog/dns_bidirectional_bifurcations/re300_lx10_lz6_026/plus,/home/ebenq/dev/MyCloudAtlas.jl/notebooks/eqb_fuzzing/eqb_catalog/solutions/re300_lx10_lz6_026/A_J2K4L5_ubest.nc
2026-04-27T21:37:15,re300_lx10_lz6_011,re300_lx10_lz6,C,1,3,5,on,6,minus,resume,48,254.36991,753.72978,1.3726952,1.7903211,,/home/ebenq/dev/MyCloudAtlas.jl/notebooks/eqb_fuzzing/eqb_catalog/dns_bidirectional_bifurcations/re300_lx10_lz6_011/minus,/home/ebenq/dev/MyCloudAtlas.jl/notebooks/eqb_fuzzing/eqb_catalog/solutions/re300_lx10_lz6_011/C_J1K3L5_ubest.nc
2026-04-27T21:37:15,re300_lx10_lz6_007,re300_lx10_lz6,C,3,4,9,ls,1,minus,resume,53,185.2225,378.65608,1.3323996,5.3385881,,/home/ebenq/dev/MyCloudAtlas.jl/notebooks/eqb_fuzzing/eqb_catalog/dns_bidirectional_bifurcations/re300_lx10_lz6_007/minus,/home/ebenq/dev/MyCloudAtlas.jl/notebooks/eqb_fuzzing/eqb_catalog/solutions/re300_lx10_lz6_007/C_J3K4L9_ubest.nc
2026-04-27T21:37:15,re300_lx10_lz6_021,re300_lx10_lz6,C,2,4,9,ls,2,minus,resume,50,270.16916,999.8719,1.0625668,1.978865,,/home/ebenq/dev/MyCloudAtlas.jl/notebooks/eqb_fuzzing/eqb_catalog/dns_bidirectional_bifurcations/re300_lx10_lz6_021/minus,/home/ebenq/dev/MyCloudAtlas.jl/notebooks/eqb_fuzzing/eqb_catalog/solutions/re300_lx10_lz6_021/C_J2K4L9_ubest.nc
2026-04-27T21:37:15,re300_lx10_lz6_025,re300_lx10_lz6,C,2,4,6,on,3,minus,resume,12,292.0388,300.72447,2.496375,2.5491037,,/home/ebenq/dev/MyCloudAtlas.jl/notebooks/eqb_fuzzing/eqb_catalog/dns_bidirectional_bifurcations/re300_lx10_lz6_025/minus,/home/ebenq/dev/MyCloudAtlas.jl/notebooks/eqb_fuzzing/eqb_catalog/solutions/re300_lx10_lz6_025/C_J2K4L6_ubest.nc
2026-04-27T21:37:15,re300_lx10_lz6_011,re300_lx10_lz6,C,1,3,5,on,6,plus,resume,17,299.98,430.26477,1.3042408,1.5048965,,/home/ebenq/dev/MyCloudAtlas.jl/notebooks/eqb_fuzzing/eqb_catalog/dns_bidirectional_bifurcations/re300_lx10_lz6_011/plus,/home/ebenq/dev/MyCloudAtlas.jl/notebooks/eqb_fuzzing/eqb_catalog/solutions/re300_lx10_lz6_011/C_J1K3L5_ubest.nc
2026-04-27T21:37:15,re300_lx10_lz6_007,re300_lx10_lz6,C,3,4,9,ls,1,plus,resume,13,299.98,516.544,1.2295185,1.3324479,,/home/ebenq/dev/MyCloudAtlas.jl/notebooks/eqb_fuzzing/eqb_catalog/dns_bidirectional_bifurcations/re300_lx10_lz6_007/plus,/home/ebenq/dev/MyCloudAtlas.jl/notebooks/eqb_fuzzing/eqb_catalog/solutions/re300_lx10_lz6_007/C_J3K4L9_ubest.nc
2026-04-27T21:37:15,re300_lx10_lz6_021,re300_lx10_lz6,C,2,4,9,ls,2,plus,resume,37,299.98,506.01048,1.9786006,3.0998563,,/home/ebenq/dev/MyCloudAtlas.jl/notebooks/eqb_fuzzing/eqb_catalog/dns_bidirectional_bifurcations/re300_lx10_lz6_021/plus,/home/ebenq/dev/MyCloudAtlas.jl/notebooks/eqb_fuzzing/eqb_catalog/solutions/re300_lx10_lz6_021/C_J2K4L9_ubest.nc
2026-04-28T00:14:08,re300_lx10_lz6_025,re300_lx10_lz6,C,2,4,6,on,3,plus,ok,20,299.98,500.15458,2.5081461,3.134991,,/home/ebenq/dev/MyCloudAtlas.jl/notebooks/eqb_fuzzing/eqb_catalog/dns_bidirectional_bifurcations/re300_lx10_lz6_025/plus,/home/ebenq/dev/MyCloudAtlas.jl/notebooks/eqb_fuzzing/eqb_catalog/solutions/re300_lx10_lz6_025/C_J2K4L6_ubest.nc
2026-04-28T01:59:58,re300_lx10_lz6_014,re300_lx10_lz6,D,2,4,9,on,2,minus,ok,53,185.20738,300.02,1.5803066,3.5509005,,/home/ebenq/dev/MyCloudAtlas.jl/notebooks/eqb_fuzzing/eqb_catalog/dns_bidirectional_bifurcations/re300_lx10_lz6_014/minus,/home/ebenq/dev/MyCloudAtlas.jl/notebooks/eqb_fuzzing/eqb_catalog/solutions/re300_lx10_lz6_014/D_J2K4L9_ubest.nc
2026-04-28T07:11:08,re300_lx10_lz6_019,re300_lx10_lz6,D,2,4,9,ls,1,minus,ok,47,244.99491,400.05398,1.8286991,2.6748174,,/home/ebenq/dev/MyCloudAtlas.jl/notebooks/eqb_fuzzing/eqb_catalog/dns_bidirectional_bifurcations/re300_lx10_lz6_019/minus,/home/ebenq/dev/MyCloudAtlas.jl/notebooks/eqb_fuzzing/eqb_catalog/solutions/re300_lx10_lz6_019/D_J2K4L9_ubest.nc
2026-04-28T12:47:19,re300_lx10_lz6_002,re300_lx10_lz6,G,2,4,5,ls,6,minus,ok,37,273.64614,495.36254,1.1387864,1.2225851,,/home/ebenq/dev/MyCloudAtlas.jl/notebooks/eqb_fuzzing/eqb_catalog/dns_bidirectional_bifurcations/re300_lx10_lz6_002/minus,/home/ebenq/dev/MyCloudAtlas.jl/notebooks/eqb_fuzzing/eqb_catalog/solutions/re300_lx10_lz6_002/G_J2K4L5_ubest.nc
2026-04-28T19:28:53,re300_lx10_lz6_012,re300_lx10_lz6,D,1,3,5,on,3,minus,ok,45,290.42707,655.581,1.5626072,2.3381621,,/home/ebenq/dev/MyCloudAtlas.jl/notebooks/eqb_fuzzing/eqb_catalog/dns_bidirectional_bifurcations/re300_lx10_lz6_012/minus,/home/ebenq/dev/MyCloudAtlas.jl/notebooks/eqb_fuzzing/eqb_catalog/solutions/re300_lx10_lz6_012/D_J1K3L5_ubest.nc
2026-04-28T20:07:03,re300_lx10_lz6_014,re300_lx10_lz6,D,2,4,9,on,2,plus,ok,35,299.98,451.87528,1.5656772,1.673752,,/home/ebenq/dev/MyCloudAtlas.jl/notebooks/eqb_fuzzing/eqb_catalog/dns_bidirectional_bifurcations/re300_lx10_lz6_014/plus,/home/ebenq/dev/MyCloudAtlas.jl/notebooks/eqb_fuzzing/eqb_catalog/solutions/re300_lx10_lz6_014/D_J2K4L9_ubest.nc
2026-04-28T20:33:53,re300_lx10_lz6_012,re300_lx10_lz6,D,1,3,5,on,3,plus,ok,18,299.98,519.81957,1.3886151,1.562805,,/home/ebenq/dev/MyCloudAtlas.jl/notebooks/eqb_fuzzing/eqb_catalog/dns_bidirectional_bifurcations/re300_lx10_lz6_012/plus,/home/ebenq/dev/MyCloudAtlas.jl/notebooks/eqb_fuzzing/eqb_catalog/solutions/re300_lx10_lz6_012/D_J1K3L5_ubest.nc
2026-04-28T21:12:27,re300_lx10_lz6_019,re300_lx10_lz6,D,2,4,9,ls,1,plus,ok,39,299.98,449.221,1.8306565,2.2821563,,/home/ebenq/dev/MyCloudAtlas.jl/notebooks/eqb_fuzzing/eqb_catalog/dns_bidirectional_bifurcations/re300_lx10_lz6_019/plus,/home/ebenq/dev/MyCloudAtlas.jl/notebooks/eqb_fuzzing/eqb_catalog/solutions/re300_lx10_lz6_019/D_J2K4L9_ubest.nc
2026-04-29T00:26:27,re300_lx10_lz6_013,re300_lx10_lz6,E,3,5,11,on,1,minus,ok,50,155.93832,347.10551,1.5754719,3.0257298,,/home/ebenq/dev/MyCloudAtlas.jl/notebooks/eqb_fuzzing/eqb_catalog/dns_bidirectional_bifurcations/re300_lx10_lz6_013/minus,/home/ebenq/dev/MyCloudAtlas.jl/notebooks/eqb_fuzzing/eqb_catalog/solutions/re300_lx10_lz6_013/E_J3K5L11_ubest.nc
2026-04-29T01:14:13,re300_lx10_lz6_013,re300_lx10_lz6,E,3,5,11,on,1,plus,ok,12,299.98,509.62296,1.4886664,1.5755287,,/home/ebenq/dev/MyCloudAtlas.jl/notebooks/eqb_fuzzing/eqb_catalog/dns_bidirectional_bifurcations/re300_lx10_lz6_013/plus,/home/ebenq/dev/MyCloudAtlas.jl/notebooks/eqb_fuzzing/eqb_catalog/solutions/re300_lx10_lz6_013/E_J3K5L11_ubest.nc
2026-04-29T02:18:26,re300_lx10_lz6_016,re300_lx10_lz6,E,2,4,5,on,4,minus,ok,53,246.97053,409.95298,1.6985278,2.974818,,/home/ebenq/dev/MyCloudAtlas.jl/notebooks/eqb_fuzzing/eqb_catalog/dns_bidirectional_bifurcations/re300_lx10_lz6_016/minus,/home/ebenq/dev/MyCloudAtlas.jl/notebooks/eqb_fuzzing/eqb_catalog/solutions/re300_lx10_lz6_016/E_J2K4L5_ubest.nc
2026-04-29T07:26:14,re300_lx10_lz6_002,re300_lx10_lz6,G,2,4,5,ls,6,plus,ok,34,299.98,360.36331,1.1844991,1.307116,,/home/ebenq/dev/MyCloudAtlas.jl/notebooks/eqb_fuzzing/eqb_catalog/dns_bidirectional_bifurcations/re300_lx10_lz6_002/plus,/home/ebenq/dev/MyCloudAtlas.jl/notebooks/eqb_fuzzing/eqb_catalog/solutions/re300_lx10_lz6_002/G_J2K4L5_ubest.nc
2026-04-29T11:58:07,re300_lx10_lz6_024,re300_lx10_lz6,D,2,4,8,on,1,minus,ok,32,251.5061,300.02,1.7378308,2.1228778,,/home/ebenq/dev/MyCloudAtlas.jl/notebooks/eqb_fuzzing/eqb_catalog/dns_bidirectional_bifurcations/re300_lx10_lz6_024/minus,/home/ebenq/dev/MyCloudAtlas.jl/notebooks/eqb_fuzzing/eqb_catalog/solutions/re300_lx10_lz6_024/D_J2K4L8_ubest.nc
2026-04-29T13:00:32,re300_lx10_lz6_016,re300_lx10_lz6,E,2,4,5,on,4,plus,ok,45,239.69311,361.06583,1.4721289,1.9937382,,/home/ebenq/dev/MyCloudAtlas.jl/notebooks/eqb_fuzzing/eqb_catalog/dns_bidirectional_bifurcations/re300_lx10_lz6_016/plus,/home/ebenq/dev/MyCloudAtlas.jl/notebooks/eqb_fuzzing/eqb_catalog/solutions/re300_lx10_lz6_016/E_J2K4L5_ubest.nc
2026-04-29T17:35:31,re300_lx10_lz6_022,re300_lx10_lz6,E,3,5,11,ls,2,minus,ok,40,255.9,385.85711,2.0997299,3.0944515,,/home/ebenq/dev/MyCloudAtlas.jl/notebooks/eqb_fuzzing/eqb_catalog/dns_bidirectional_bifurcations/re300_lx10_lz6_022/minus,/home/ebenq/dev/MyCloudAtlas.jl/notebooks/eqb_fuzzing/eqb_catalog/solutions/re300_lx10_lz6_022/E_J3K5L11_ubest.nc
2026-04-29T18:21:14,re300_lx10_lz6_022,re300_lx10_lz6,E,3,5,11,ls,2,plus,ok,12,299.98,515.35438,2.0974219,2.1135996,,/home/ebenq/dev/MyCloudAtlas.jl/notebooks/eqb_fuzzing/eqb_catalog/dns_bidirectional_bifurcations/re300_lx10_lz6_022/plus,/home/ebenq/dev/MyCloudAtlas.jl/notebooks/eqb_fuzzing/eqb_catalog/solutions/re300_lx10_lz6_022/E_J3K5L11_ubest.nc
2026-04-29T18:29:40,re300_lx10_lz6_018,re300_lx10_lz6,E,2,4,9,ls,4,minus,ok,42,290.40897,701.49315,1.3882973,1.7838639,,/home/ebenq/dev/MyCloudAtlas.jl/notebooks/eqb_fuzzing/eqb_catalog/dns_bidirectional_bifurcations/re300_lx10_lz6_018/minus,/home/ebenq/dev/MyCloudAtlas.jl/notebooks/eqb_fuzzing/eqb_catalog/solutions/re300_lx10_lz6_018/E_J2K4L9_ubest.nc
2026-04-29T20:36:14,re300_lx10_lz6_018,re300_lx10_lz6,E,2,4,9,ls,4,plus,ok,19,299.98,500.4091,1.7836313,2.0322203,,/home/ebenq/dev/MyCloudAtlas.jl/notebooks/eqb_fuzzing/eqb_catalog/dns_bidirectional_bifurcations/re300_lx10_lz6_018/plus,/home/ebenq/dev/MyCloudAtlas.jl/notebooks/eqb_fuzzing/eqb_catalog/solutions/re300_lx10_lz6_018/E_J2K4L9_ubest.nc
2026-04-30T01:34:03,re300_lx10_lz6_023,re300_lx10_lz6,E,1,4,5,ls,5,minus,ok,39,278.00869,306.10324,1.6616838,2.1073932,,/home/ebenq/dev/MyCloudAtlas.jl/notebooks/eqb_fuzzing/eqb_catalog/dns_bidirectional_bifurcations/re300_lx10_lz6_023/minus,/home/ebenq/dev/MyCloudAtlas.jl/notebooks/eqb_fuzzing/eqb_catalog/solutions/re300_lx10_lz6_023/E_J1K4L5_ubest.nc
2026-04-30T02:16:07,re300_lx10_lz6_003,re300_lx10_lz6,G,2,4,5,on,1,minus,ok,53,240.46881,313.79353,1.2110799,2.8237243,,/home/ebenq/dev/MyCloudAtlas.jl/notebooks/eqb_fuzzing/eqb_catalog/dns_bidirectional_bifurcations/re300_lx10_lz6_003/minus,/home/ebenq/dev/MyCloudAtlas.jl/notebooks/eqb_fuzzing/eqb_catalog/solutions/re300_lx10_lz6_003/G_J2K4L5_ubest.nc
2026-04-30T02:27:31,re300_lx10_lz6_001,re300_lx10_lz6,G,2,4,5,on,4,minus,ok,48,213.9188,300.02,1.129668,2.0431422,,/home/ebenq/dev/MyCloudAtlas.jl/notebooks/eqb_fuzzing/eqb_catalog/dns_bidirectional_bifurcations/re300_lx10_lz6_001/minus,/home/ebenq/dev/MyCloudAtlas.jl/notebooks/eqb_fuzzing/eqb_catalog/solutions/re300_lx10_lz6_001/G_J2K4L5_ubest.nc
2026-04-30T02:59:31,re300_lx10_lz6_003,re300_lx10_lz6,G,2,4,5,on,1,plus,ok,13,299.98,520.24917,1.1249168,1.2111236,,/home/ebenq/dev/MyCloudAtlas.jl/notebooks/eqb_fuzzing/eqb_catalog/dns_bidirectional_bifurcations/re300_lx10_lz6_003/plus,/home/ebenq/dev/MyCloudAtlas.jl/notebooks/eqb_fuzzing/eqb_catalog/solutions/re300_lx10_lz6_003/G_J2K4L5_ubest.nc
2026-04-30T03:41:22,re300_lx10_lz6_001,re300_lx10_lz6,G,2,4,5,on,4,plus,ok,19,299.98,517.41042,1.1183289,1.138421,,/home/ebenq/dev/MyCloudAtlas.jl/notebooks/eqb_fuzzing/eqb_catalog/dns_bidirectional_bifurcations/re300_lx10_lz6_001/plus,/home/ebenq/dev/MyCloudAtlas.jl/notebooks/eqb_fuzzing/eqb_catalog/solutions/re300_lx10_lz6_001/G_J2K4L5_ubest.nc
2026-04-30T05:58:20,re300_lx10_lz6_024,re300_lx10_lz6,D,2,4,8,on,1,plus,ok,40,299.98,439.40799,2.1224286,2.8789045,,/home/ebenq/dev/MyCloudAtlas.jl/notebooks/eqb_fuzzing/eqb_catalog/dns_bidirectional_bifurcations/re300_lx10_lz6_024/plus,/home/ebenq/dev/MyCloudAtlas.jl/notebooks/eqb_fuzzing/eqb_catalog/solutions/re300_lx10_lz6_024/D_J2K4L8_ubest.nc
2026-04-30T08:57:59,re300_lx10_lz6_023,re300_lx10_lz6,E,1,4,5,ls,5,plus,ok,44,299.98,504.11261,2.1070972,3.1983725,,/home/ebenq/dev/MyCloudAtlas.jl/notebooks/eqb_fuzzing/eqb_catalog/dns_bidirectional_bifurcations/re300_lx10_lz6_023/plus,/home/ebenq/dev/MyCloudAtlas.jl/notebooks/eqb_fuzzing/eqb_catalog/solutions/re300_lx10_lz6_023/E_J1K4L5_ubest.nc
2026-04-30T10:45:44,re300_lx10_lz6_009,re300_lx10_lz6,G,1,3,5,ls,11,minus,ok,53,224.21094,780.77291,1.3851939,4.0409315,,/home/ebenq/dev/MyCloudAtlas.jl/notebooks/eqb_fuzzing/eqb_catalog/dns_bidirectional_bifurcations/re300_lx10_lz6_009/minus,/home/ebenq/dev/MyCloudAtlas.jl/notebooks/eqb_fuzzing/eqb_catalog/solutions/re300_lx10_lz6_009/G_J1K3L5_ubest.nc
2026-04-30T11:24:42,re300_lx10_lz6_009,re300_lx10_lz6,G,1,3,5,ls,11,plus,ok,13,299.98,526.18127,1.2817676,1.3852386,,/home/ebenq/dev/MyCloudAtlas.jl/notebooks/eqb_fuzzing/eqb_catalog/dns_bidirectional_bifurcations/re300_lx10_lz6_009/plus,/home/ebenq/dev/MyCloudAtlas.jl/notebooks/eqb_fuzzing/eqb_catalog/solutions/re300_lx10_lz6_009/G_J1K3L5_ubest.nc
2026-04-30T16:34:35,re300_lx10_lz6_015,re300_lx10_lz6,G,2,4,6,ls,1,minus,ok,50,180.2272,574.49095,1.6793912,2.9721192,,/home/ebenq/dev/MyCloudAtlas.jl/notebooks/eqb_fuzzing/eqb_catalog/dns_bidirectional_bifurcations/re300_lx10_lz6_015/minus,/home/ebenq/dev/MyCloudAtlas.jl/notebooks/eqb_fuzzing/eqb_catalog/solutions/re300_lx10_lz6_015/G_J2K4L6_ubest.nc
2026-04-30T18:24:44,re300_lx10_lz6_005,re300_lx10_lz6,G,1,3,5,on,7,minus,ok,40,240.62965,300.02,1.2692595,1.6050829,,/home/ebenq/dev/MyCloudAtlas.jl/notebooks/eqb_fuzzing/eqb_catalog/dns_bidirectional_bifurcations/re300_lx10_lz6_005/minus,/home/ebenq/dev/MyCloudAtlas.jl/notebooks/eqb_fuzzing/eqb_catalog/solutions/re300_lx10_lz6_005/G_J1K3L5_ubest.nc
2026-04-30T20:25:03,re300_lx10_lz6_004,re300_lx10_lz6,G,1,4,5,on,8,minus,ok,38,274.69691,318.67657,1.2335972,1.3536166,,/home/ebenq/dev/MyCloudAtlas.jl/notebooks/eqb_fuzzing/eqb_catalog/dns_bidirectional_bifurcations/re300_lx10_lz6_004/minus,/home/ebenq/dev/MyCloudAtlas.jl/notebooks/eqb_fuzzing/eqb_catalog/solutions/re300_lx10_lz6_004/G_J1K4L5_ubest.nc
2026-04-30T20:35:18,re300_lx10_lz6_005,re300_lx10_lz6,G,1,3,5,on,7,plus,ok,20,299.98,500.21551,1.2290615,1.2692903,,/home/ebenq/dev/MyCloudAtlas.jl/notebooks/eqb_fuzzing/eqb_catalog/dns_bidirectional_bifurcations/re300_lx10_lz6_005/plus,/home/ebenq/dev/MyCloudAtlas.jl/notebooks/eqb_fuzzing/eqb_catalog/solutions/re300_lx10_lz6_005/G_J1K3L5_ubest.nc
2026-05-01T05:30:56,re300_lx10_lz6_017,re300_lx10_lz6,G,1,4,5,ls,7,minus,ok,41,284.87002,456.55099,1.3692196,1.7327477,,/home/ebenq/dev/MyCloudAtlas.jl/notebooks/eqb_fuzzing/eqb_catalog/dns_bidirectional_bifurcations/re300_lx10_lz6_017/minus,/home/ebenq/dev/MyCloudAtlas.jl/notebooks/eqb_fuzzing/eqb_catalog/solutions/re300_lx10_lz6_017/G_J1K4L5_ubest.nc
2026-05-01T17:34:55,re300_lx10_lz6_015,re300_lx10_lz6,G,2,4,6,ls,1,plus,ok,36,299.98,406.20765,1.6925855,3.0140401,,/home/ebenq/dev/MyCloudAtlas.jl/notebooks/eqb_fuzzing/eqb_catalog/dns_bidirectional_bifurcations/re300_lx10_lz6_015/plus,/home/ebenq/dev/MyCloudAtlas.jl/notebooks/eqb_fuzzing/eqb_catalog/solutions/re300_lx10_lz6_015/G_J2K4L6_ubest.nc
2026-05-01T20:14:12,re300_lx10_lz6_017,re300_lx10_lz6,G,1,4,5,ls,7,plus,ok,48,299.98,359.79172,1.6818539,1.741511,,/home/ebenq/dev/MyCloudAtlas.jl/notebooks/eqb_fuzzing/eqb_catalog/dns_bidirectional_bifurcations/re300_lx10_lz6_017/plus,/home/ebenq/dev/MyCloudAtlas.jl/notebooks/eqb_fuzzing/eqb_catalog/solutions/re300_lx10_lz6_017/G_J1K4L5_ubest.nc
2026-05-01T22:18:02,re300_lx2pi_lzpi_012,re300_lx2pi_lzpi,A,3,5,11,on,1,minus,ok,49,173.98832,330.14088,1.2261403,4.7041213,,/home/ebenq/dev/MyCloudAtlas.jl/notebooks/eqb_fuzzing/eqb_catalog/dns_bidirectional_bifurcations/re300_lx2pi_lzpi_012/minus,/home/ebenq/dev/MyCloudAtlas.jl/notebooks/eqb_fuzzing/eqb_catalog/solutions/re300_lx2pi_lzpi_012/A_J3K5L11_ubest.nc
2026-05-01T23:02:08,re300_lx2pi_lzpi_001,re300_lx2pi_lzpi,C,3,5,11,on,1,minus,ok,53,174.10532,389.16859,1.2500211,5.3748088,,/home/ebenq/dev/MyCloudAtlas.jl/notebooks/eqb_fuzzing/eqb_catalog/dns_bidirectional_bifurcations/re300_lx2pi_lzpi_001/minus,/home/ebenq/dev/MyCloudAtlas.jl/notebooks/eqb_fuzzing/eqb_catalog/solutions/re300_lx2pi_lzpi_001/C_J3K5L11_ubest.nc
2026-05-01T23:42:58,re300_lx2pi_lzpi_001,re300_lx2pi_lzpi,C,3,5,11,on,1,plus,ok,12,299.98,502.90277,1.1664352,1.2500589,,/home/ebenq/dev/MyCloudAtlas.jl/notebooks/eqb_fuzzing/eqb_catalog/dns_bidirectional_bifurcations/re300_lx2pi_lzpi_001/plus,/home/ebenq/dev/MyCloudAtlas.jl/notebooks/eqb_fuzzing/eqb_catalog/solutions/re300_lx2pi_lzpi_001/C_J3K5L11_ubest.nc
2026-05-02T00:33:59,re300_lx2pi_lzpi_012,re300_lx2pi_lzpi,A,3,5,11,on,1,plus,ok,22,299.98,508.07227,4.7036797,5.4245666,,/home/ebenq/dev/MyCloudAtlas.jl/notebooks/eqb_fuzzing/eqb_catalog/dns_bidirectional_bifurcations/re300_lx2pi_lzpi_012/plus,/home/ebenq/dev/MyCloudAtlas.jl/notebooks/eqb_fuzzing/eqb_catalog/solutions/re300_lx2pi_lzpi_012/A_J3K5L11_ubest.nc
2026-05-02T00:47:06,re300_lx10_lz6_020,re300_lx10_lz6,G,1,4,5,on,3,minus,ok,33,295.81315,326.88285,1.7931316,2.0527355,,/home/ebenq/dev/MyCloudAtlas.jl/notebooks/eqb_fuzzing/eqb_catalog/dns_bidirectional_bifurcations/re300_lx10_lz6_020/minus,/home/ebenq/dev/MyCloudAtlas.jl/notebooks/eqb_fuzzing/eqb_catalog/solutions/re300_lx10_lz6_020/G_J1K4L5_ubest.nc
2026-05-02T03:46:39,re300_lx2pi_lzpi_008,re300_lx2pi_lzpi,B,1,3,5,on,2,minus,ok,53,178.66657,349.06243,2.0176319,5.1631451,,/home/ebenq/dev/MyCloudAtlas.jl/notebooks/eqb_fuzzing/eqb_catalog/dns_bidirectional_bifurcations/re300_lx2pi_lzpi_008/minus,/home/ebenq/dev/MyCloudAtlas.jl/notebooks/eqb_fuzzing/eqb_catalog/solutions/re300_lx2pi_lzpi_008/B_J1K3L5_ubest.nc
2026-05-02T03:56:44,re300_lx2pi_lzpi_002,re300_lx2pi_lzpi,D,1,4,5,on,2,minus,ok,53,174.08519,348.91189,1.3057168,5.1620126,,/home/ebenq/dev/MyCloudAtlas.jl/notebooks/eqb_fuzzing/eqb_catalog/dns_bidirectional_bifurcations/re300_lx2pi_lzpi_002/minus,/home/ebenq/dev/MyCloudAtlas.jl/notebooks/eqb_fuzzing/eqb_catalog/solutions/re300_lx2pi_lzpi_002/D_J1K4L5_ubest.nc
2026-05-02T04:56:17,re300_lx2pi_lzpi_002,re300_lx2pi_lzpi,D,1,4,5,on,2,plus,ok,13,299.98,518.77022,1.2112112,1.3057548,,/home/ebenq/dev/MyCloudAtlas.jl/notebooks/eqb_fuzzing/eqb_catalog/dns_bidirectional_bifurcations/re300_lx2pi_lzpi_002/plus,/home/ebenq/dev/MyCloudAtlas.jl/notebooks/eqb_fuzzing/eqb_catalog/solutions/re300_lx2pi_lzpi_002/D_J1K4L5_ubest.nc
2026-05-02T05:15:58,re300_lx10_lz6_004,re300_lx10_lz6,G,1,4,5,on,8,plus,ok,30,299.98,498.68337,1.2596296,1.3171648,,/home/ebenq/dev/MyCloudAtlas.jl/notebooks/eqb_fuzzing/eqb_catalog/dns_bidirectional_bifurcations/re300_lx10_lz6_004/plus,/home/ebenq/dev/MyCloudAtlas.jl/notebooks/eqb_fuzzing/eqb_catalog/solutions/re300_lx10_lz6_004/G_J1K4L5_ubest.nc
2026-05-02T10:20:38,re300_lx2pi_lzpi_010,re300_lx2pi_lzpi,D,2,4,6,on,1,minus,ok,51,173.98429,300.02,1.3883712,4.2334235,,/home/ebenq/dev/MyCloudAtlas.jl/notebooks/eqb_fuzzing/eqb_catalog/dns_bidirectional_bifurcations/re300_lx2pi_lzpi_010/minus,/home/ebenq/dev/MyCloudAtlas.jl/notebooks/eqb_fuzzing/eqb_catalog/solutions/re300_lx2pi_lzpi_010/D_J2K4L6_ubest.nc
2026-05-02T13:28:54,re300_lx2pi_lzpi_010,re300_lx2pi_lzpi,D,2,4,6,on,1,plus,ok,27,299.98,501.92812,3.8647838,4.0386677,,/home/ebenq/dev/MyCloudAtlas.jl/notebooks/eqb_fuzzing/eqb_catalog/dns_bidirectional_bifurcations/re300_lx2pi_lzpi_010/plus,/home/ebenq/dev/MyCloudAtlas.jl/notebooks/eqb_fuzzing/eqb_catalog/solutions/re300_lx2pi_lzpi_010/D_J2K4L6_ubest.nc
2026-05-02T13:52:16,re300_lx2pi_lzpi_008,re300_lx2pi_lzpi,B,1,3,5,on,2,plus,ok,51,299.98,478.01304,2.2104473,4.4481049,,/home/ebenq/dev/MyCloudAtlas.jl/notebooks/eqb_fuzzing/eqb_catalog/dns_bidirectional_bifurcations/re300_lx2pi_lzpi_008/plus,/home/ebenq/dev/MyCloudAtlas.jl/notebooks/eqb_fuzzing/eqb_catalog/solutions/re300_lx2pi_lzpi_008/B_J1K3L5_ubest.nc
2026-05-02T15:57:42,re300_lx2pi_lzpi_006,re300_lx2pi_lzpi,D,1,3,5,on,3,minus,ok,47,296.07785,479.07113,1.9464673,4.2757212,,/home/ebenq/dev/MyCloudAtlas.jl/notebooks/eqb_fuzzing/eqb_catalog/dns_bidirectional_bifurcations/re300_lx2pi_lzpi_006/minus,/home/ebenq/dev/MyCloudAtlas.jl/notebooks/eqb_fuzzing/eqb_catalog/solutions/re300_lx2pi_lzpi_006/D_J1K3L5_ubest.nc
2026-05-02T17:50:06,re300_lx2pi_lzpi_003,re300_lx2pi_lzpi,E,3,5,11,on,2,minus,ok,53,163.69327,580.39679,1.4519329,3.3485485,,/home/ebenq/dev/MyCloudAtlas.jl/notebooks/eqb_fuzzing/eqb_catalog/dns_bidirectional_bifurcations/re300_lx2pi_lzpi_003/minus,/home/ebenq/dev/MyCloudAtlas.jl/notebooks/eqb_fuzzing/eqb_catalog/solutions/re300_lx2pi_lzpi_003/E_J3K5L11_ubest.nc
2026-05-02T18:29:57,re300_lx2pi_lzpi_006,re300_lx2pi_lzpi,D,1,3,5,on,3,plus,ok,21,299.98,515.8569,1.9537544,2.3895733,,/home/ebenq/dev/MyCloudAtlas.jl/notebooks/eqb_fuzzing/eqb_catalog/dns_bidirectional_bifurcations/re300_lx2pi_lzpi_006/plus,/home/ebenq/dev/MyCloudAtlas.jl/notebooks/eqb_fuzzing/eqb_catalog/solutions/re300_lx2pi_lzpi_006/D_J1K3L5_ubest.nc
2026-05-02T18:42:39,re300_lx2pi_lzpi_003,re300_lx2pi_lzpi,E,3,5,11,on,2,plus,ok,11,299.98,508.12087,1.3906591,1.4519548,,/home/ebenq/dev/MyCloudAtlas.jl/notebooks/eqb_fuzzing/eqb_catalog/dns_bidirectional_bifurcations/re300_lx2pi_lzpi_003/plus,/home/ebenq/dev/MyCloudAtlas.jl/notebooks/eqb_fuzzing/eqb_catalog/solutions/re300_lx2pi_lzpi_003/E_J3K5L11_ubest.nc
2026-05-03T00:09:41,re300_lx2pi_lzpi_007,re300_lx2pi_lzpi,E,2,4,6,ls,3,minus,ok,44,194.87437,340.84589,1.3853799,2.1008894,,/home/ebenq/dev/MyCloudAtlas.jl/notebooks/eqb_fuzzing/eqb_catalog/dns_bidirectional_bifurcations/re300_lx2pi_lzpi_007/minus,/home/ebenq/dev/MyCloudAtlas.jl/notebooks/eqb_fuzzing/eqb_catalog/solutions/re300_lx2pi_lzpi_007/E_J2K4L6_ubest.nc
2026-05-03T00:24:03,re300_lx2pi_lzpi_011,re300_lx2pi_lzpi,F,1,4,5,ls,2,minus,ok,49,244.89025,459.06693,1.6802107,4.0614969,,/home/ebenq/dev/MyCloudAtlas.jl/notebooks/eqb_fuzzing/eqb_catalog/dns_bidirectional_bifurcations/re300_lx2pi_lzpi_011/minus,/home/ebenq/dev/MyCloudAtlas.jl/notebooks/eqb_fuzzing/eqb_catalog/solutions/re300_lx2pi_lzpi_011/F_J1K4L5_ubest.nc
2026-05-03T00:43:22,re300_lx2pi_lzpi_009,re300_lx2pi_lzpi,E,3,5,11,on,1,minus,ok,47,163.50443,384.10892,1.4181961,2.8095306,,/home/ebenq/dev/MyCloudAtlas.jl/notebooks/eqb_fuzzing/eqb_catalog/dns_bidirectional_bifurcations/re300_lx2pi_lzpi_009/minus,/home/ebenq/dev/MyCloudAtlas.jl/notebooks/eqb_fuzzing/eqb_catalog/solutions/re300_lx2pi_lzpi_009/E_J3K5L11_ubest.nc
2026-05-03T02:25:56,re300_lx2pi_lzpi_009,re300_lx2pi_lzpi,E,3,5,11,on,1,plus,ok,15,299.98,501.2222,2.809406,3.1966819,,/home/ebenq/dev/MyCloudAtlas.jl/notebooks/eqb_fuzzing/eqb_catalog/dns_bidirectional_bifurcations/re300_lx2pi_lzpi_009/plus,/home/ebenq/dev/MyCloudAtlas.jl/notebooks/eqb_fuzzing/eqb_catalog/solutions/re300_lx2pi_lzpi_009/E_J3K5L11_ubest.nc
2026-05-03T06:01:28,re300_lx10_lz6_020,re300_lx10_lz6,G,1,4,5,on,3,plus,ok,32,299.98,326.8821,1.8715755,2.0597931,,/home/ebenq/dev/MyCloudAtlas.jl/notebooks/eqb_fuzzing/eqb_catalog/dns_bidirectional_bifurcations/re300_lx10_lz6_020/plus,/home/ebenq/dev/MyCloudAtlas.jl/notebooks/eqb_fuzzing/eqb_catalog/solutions/re300_lx10_lz6_020/G_J1K4L5_ubest.nc
2026-05-03T14:38:40,re300_lx2pi_lzpi_007,re300_lx2pi_lzpi,E,2,4,6,ls,3,plus,ok,40,249.09055,333.6284,2.1007915,2.8156666,,/home/ebenq/dev/MyCloudAtlas.jl/notebooks/eqb_fuzzing/eqb_catalog/dns_bidirectional_bifurcations/re300_lx2pi_lzpi_007/plus,/home/ebenq/dev/MyCloudAtlas.jl/notebooks/eqb_fuzzing/eqb_catalog/solutions/re300_lx2pi_lzpi_007/E_J2K4L6_ubest.nc
2026-05-03T15:44:01,re300_lx2pi_lzpi_011,re300_lx2pi_lzpi,F,1,4,5,ls,2,plus,ok,38,299.98,411.79914,4.0611718,4.8300609,,/home/ebenq/dev/MyCloudAtlas.jl/notebooks/eqb_fuzzing/eqb_catalog/dns_bidirectional_bifurcations/re300_lx2pi_lzpi_011/plus,/home/ebenq/dev/MyCloudAtlas.jl/notebooks/eqb_fuzzing/eqb_catalog/solutions/re300_lx2pi_lzpi_011/F_J1K4L5_ubest.nc
2026-05-03T17:19:11,re400_lx10_lz6_008,re400_lx10_lz6,B,2,4,7,ls,2,minus,ok,53,185.24261,400.02,1.2615208,5.3154926,,/home/ebenq/dev/MyCloudAtlas.jl/notebooks/eqb_fuzzing/eqb_catalog/dns_bidirectional_bifurcations/re400_lx10_lz6_008/minus,/home/ebenq/dev/MyCloudAtlas.jl/notebooks/eqb_fuzzing/eqb_catalog/solutions/re400_lx10_lz6_008/B_J2K4L7_ubest.nc
2026-05-03T17:38:19,re300_lx2pi_lzpi_004,re300_lx2pi_lzpi,G,2,4,5,on,2,minus,ok,44,279.12382,509.28658,1.6663681,1.8460336,,/home/ebenq/dev/MyCloudAtlas.jl/notebooks/eqb_fuzzing/eqb_catalog/dns_bidirectional_bifurcations/re300_lx2pi_lzpi_004/minus,/home/ebenq/dev/MyCloudAtlas.jl/notebooks/eqb_fuzzing/eqb_catalog/solutions/re300_lx2pi_lzpi_004/G_J2K4L5_ubest.nc
2026-05-03T17:39:19,re400_lx10_lz6_008,re400_lx10_lz6,B,2,4,7,ls,2,plus,ok,7,399.98,523.23117,1.2283249,1.2615373,,/home/ebenq/dev/MyCloudAtlas.jl/notebooks/eqb_fuzzing/eqb_catalog/dns_bidirectional_bifurcations/re400_lx10_lz6_008/plus,/home/ebenq/dev/MyCloudAtlas.jl/notebooks/eqb_fuzzing/eqb_catalog/solutions/re400_lx10_lz6_008/B_J2K4L7_ubest.nc
2026-05-04T01:41:44,re300_lx2pi_lzpi_004,re300_lx2pi_lzpi,G,2,4,5,on,2,plus,ok,49,174.10006,340.81253,1.3854658,2.970579,,/home/ebenq/dev/MyCloudAtlas.jl/notebooks/eqb_fuzzing/eqb_catalog/dns_bidirectional_bifurcations/re300_lx2pi_lzpi_004/plus,/home/ebenq/dev/MyCloudAtlas.jl/notebooks/eqb_fuzzing/eqb_catalog/solutions/re300_lx2pi_lzpi_004/G_J2K4L5_ubest.nc
2026-05-04T02:17:45,re300_lx2pi_lzpi_005,re300_lx2pi_lzpi,G,2,4,5,on,1,minus,ok,46,245.07433,411.79566,1.8692481,4.8299798,,/home/ebenq/dev/MyCloudAtlas.jl/notebooks/eqb_fuzzing/eqb_catalog/dns_bidirectional_bifurcations/re300_lx2pi_lzpi_005/minus,/home/ebenq/dev/MyCloudAtlas.jl/notebooks/eqb_fuzzing/eqb_catalog/solutions/re300_lx2pi_lzpi_005/G_J2K4L5_ubest.nc
2026-05-04T03:47:10,re300_lx2pi_lzpi_005,re300_lx2pi_lzpi,G,2,4,5,on,1,plus,ok,15,299.98,502.11592,1.6592917,1.8693566,,/home/ebenq/dev/MyCloudAtlas.jl/notebooks/eqb_fuzzing/eqb_catalog/dns_bidirectional_bifurcations/re300_lx2pi_lzpi_005/plus,/home/ebenq/dev/MyCloudAtlas.jl/notebooks/eqb_fuzzing/eqb_catalog/solutions/re300_lx2pi_lzpi_005/G_J2K4L5_ubest.nc
2026-05-04T05:00:20,re400_lx10_lz6_012,re400_lx10_lz6,A,2,4,6,on,1,minus,ok,43,320.45391,428.03633,1.4196367,1.6210867,,/home/ebenq/dev/MyCloudAtlas.jl/notebooks/eqb_fuzzing/eqb_catalog/dns_bidirectional_bifurcations/re400_lx10_lz6_012/minus,/home/ebenq/dev/MyCloudAtlas.jl/notebooks/eqb_fuzzing/eqb_catalog/solutions/re400_lx10_lz6_012/A_J2K4L6_ubest.nc
2026-05-04T07:16:28,re400_lx10_lz6_014,re400_lx10_lz6,A,2,4,7,ls,1,minus,ok,50,180.32022,574.92056,1.6031235,2.9722988,,/home/ebenq/dev/MyCloudAtlas.jl/notebooks/eqb_fuzzing/eqb_catalog/dns_bidirectional_bifurcations/re400_lx10_lz6_014/minus,/home/ebenq/dev/MyCloudAtlas.jl/notebooks/eqb_fuzzing/eqb_catalog/solutions/re400_lx10_lz6_014/A_J2K4L7_ubest.nc
2026-05-04T07:35:59,re400_lx10_lz6_014,re400_lx10_lz6,A,2,4,7,ls,1,plus,ok,7,399.98,534.12907,1.5598946,1.6031411,,/home/ebenq/dev/MyCloudAtlas.jl/notebooks/eqb_fuzzing/eqb_catalog/dns_bidirectional_bifurcations/re400_lx10_lz6_014/plus,/home/ebenq/dev/MyCloudAtlas.jl/notebooks/eqb_fuzzing/eqb_catalog/solutions/re400_lx10_lz6_014/A_J2K4L7_ubest.nc
2026-05-04T12:49:52,re400_lx10_lz6_003,re400_lx10_lz6,B,3,5,11,on,1,minus,ok,51,270.27081,448.39039,1.1314972,2.8170807,,/home/ebenq/dev/MyCloudAtlas.jl/notebooks/eqb_fuzzing/eqb_catalog/dns_bidirectional_bifurcations/re400_lx10_lz6_003/minus,/home/ebenq/dev/MyCloudAtlas.jl/notebooks/eqb_fuzzing/eqb_catalog/solutions/re400_lx10_lz6_003/B_J3K5L11_ubest.nc
2026-05-04T13:07:15,re400_lx10_lz6_011,re400_lx10_lz6,A,1,3,5,on,7,minus,ok,44,290.68909,655.59851,1.4050118,2.2524852,,/home/ebenq/dev/MyCloudAtlas.jl/notebooks/eqb_fuzzing/eqb_catalog/dns_bidirectional_bifurcations/re400_lx10_lz6_011/minus,/home/ebenq/dev/MyCloudAtlas.jl/notebooks/eqb_fuzzing/eqb_catalog/solutions/re400_lx10_lz6_011/A_J1K3L5_ubest.nc
2026-05-04T13:07:46,re400_lx10_lz6_003,re400_lx10_lz6,B,3,5,11,on,1,plus,ok,7,399.98,519.79523,1.0976479,1.1315158,,/home/ebenq/dev/MyCloudAtlas.jl/notebooks/eqb_fuzzing/eqb_catalog/dns_bidirectional_bifurcations/re400_lx10_lz6_003/plus,/home/ebenq/dev/MyCloudAtlas.jl/notebooks/eqb_fuzzing/eqb_catalog/solutions/re400_lx10_lz6_003/B_J3K5L11_ubest.nc
2026-05-04T13:37:28,re400_lx10_lz6_011,re400_lx10_lz6,A,1,3,5,on,7,plus,ok,8,399.98,512.59917,1.3883039,1.4139066,,/home/ebenq/dev/MyCloudAtlas.jl/notebooks/eqb_fuzzing/eqb_catalog/dns_bidirectional_bifurcations/re400_lx10_lz6_011/plus,/home/ebenq/dev/MyCloudAtlas.jl/notebooks/eqb_fuzzing/eqb_catalog/solutions/re400_lx10_lz6_011/A_J1K3L5_ubest.nc
