Re,shear
500.0,2.029785364165447
499.23391135900914,2.0301875751579113
497.8196977978665,2.0309333270134027
496.4054842367194,2.031683336607797
494.99127067556935,2.0324376381212446
493.5770571144179,2.0331962720988024
492.1628435532668,2.0339592855324846
490.7486299921176,2.0347267319480955
489.3344164309722,2.035498671497075
487.92020286983245,2.036275171054221
486.5059893087001,2.0370563043216245
485.0917757475772,2.0378421519394996
483.67756218646565,2.0386328016045723
482.26334862536766,2.039428348196756
480.8491350642854,2.040228893914713
479.4349215032211,2.041034548421265
478.02070794217724,2.041845428999339
476.60649438115615,2.042661660719359
475.19228082016053,2.043483376619173
473.778067259193,2.044310717897389
472.3638536982564,2.0451438341212436
470.94964013735364,2.0459828834502716
469.53542657648785,2.0468280328769604
468.1212130156623,2.0476794584858378
466.70699945488036,2.0485373457323397
465.2927858941456,2.049401889743282
463.8785723334618,2.050273295640447
462.464358772833,2.0511517788892792
461.0501452122633,2.052037565674656
459.6359316517572,2.0529308933060935
458.22171809131925,2.0538320106544212
456.8075045309545,2.054741178623038
455.39329097066815,2.0556586706561006
453.9790774104658,2.056584773286889
452.5648638503533,2.057519786729838
451.1506502903369,2.0584640255195676
449.73643673042335,2.059417819201103
448.32222317061974,2.0603815130753578
446.9080096109336,2.0613554690046896
445.49379605137307,2.0623400662832343
444.0795824919467,2.0633357025799697
442.6653689326639,2.0643427943302104
441.25115537353446,2.0653617803333364
439.83694181456906,2.066393119195579
438.4227282557791,2.0674372931166736
437.00851469717685,2.068494808656864
435.59430113877556,2.0695661982420708
434.18008758058954,2.070652021790939
432.76587402263414,2.071752868472829
431.35166046492594,2.072869358605797
429.937446907483,2.0740021457038234
428.52323335032474,2.0751519186821743
427.1090197934724,2.076319404228581
425.6948062369489,2.0775053693473398
424.2805926807793,2.078710624080109
422.8663791249908,2.079936024404799
421.452165569613,2.08118247530791
420.0379520146784,2.0824509340190565
418.62373846022246,2.0837424133856954
417.20952490628383,2.0850579853518263
415.79531135290506,2.0863987844844174
414.3810978001327,2.087766011463873
412.96688424801783,2.089160936417645
411.55267069661653,2.0905849019246254
410.13845714599046,2.0920393254498193
408.72424359620726,2.0935257008746215
407.31003004734123,2.0950455986640213
405.89581649947394,2.0966006640436516
404.4816029526947,2.098192612337484
403.0673894071012,2.0998232203219644
401.6531758627998,2.1014943120673246
400.23896231990597,2.1032077372377334
398.82474877854395,2.1049653391885217
397.41053523884653,2.1067689094132636
395.9963217009844,2.108620124308026
395.5561663648999,2.1092062510972167
394.1419528295934,2.11112212500219
392.72773929642807,2.113088541503299
391.313525765544,2.115105994557603
389.8993122370668,2.117174232129521
388.4850987110961,2.119291987837949
387.0708851876907,2.12145665751394
385.65667166685046,2.1236639271326436
384.24245814849604,2.125907372094694
382.82824463244833,2.128178066984825
381.4140311184115,2.1304642678160617
379.9998176059645,2.1327512496627246
378.5856040945661,2.135021391410177
377.1713905835783,2.137254583893925
375.7571770723069,2.139428989901382
374.3429635600563,2.141522108908412
372.9287500461873,2.1435120176377565
371.51453653016716,2.145378601801691
370.10032301160254,2.147104590570856
368.6861094902509,2.148676256364215
367.2718959660124,2.1500837262341506
365.8576824389077,2.1513209339495036
364.44346890904967,2.1523852978710134
363.0292553766136,2.153277230350743
361.61504184181166,2.153999576315582
360.20082830487195,2.1545570550655353
358.78661476602383,2.1549557521040907
357.37240122548775,2.1552026843774468
355.9581876834693,2.1553054454499687
354.543974140156,2.1552719267727345
353.1297605957165,2.1551101058929727
351.7155470503006,2.154827890545524
350.3013335040404,2.1544330076719755
348.8871199570516,2.153932927536232
347.4729064094354,2.153334814620797
346.0586928612797,2.152645498541198
344.6444793126612,2.1518714596291826
343.23026576364623,2.1510188250407047
341.8160522142925,2.150093372228757
340.40183866465003,2.149100537405264
338.9876251147623,2.1480454272263128
337.57341156466697,2.1469328324040236
336.15919801439674,2.1457672423056176
334.74498446397996,2.1445528598676873
333.33077091344126,2.1432936163552023
331.916557362802,2.1419931856433143
330.50234381208065,2.1406549978104255
329.0881302612932,2.139282251911124
327.6739167104535,2.137877927856848
326.2597031595735,2.1364447973741534
324.8454896086635,2.1349854340408085
323.43127605773225,2.1335022224218108
322.01706250678717,2.131997366341749
320.6028489558347,2.1304728963407285
319.18863540488013,2.1289306763675153
317.77442185392795,2.127372409767687
316.3602083029818,2.125799644627856
314.94599475204467,2.124213778537341
313.5317812011189,2.122616062829661
312.1175676502064,2.1210076063658154
310.70335409930846,2.1193893789206064
309.289140548426,2.1177622142319366
307.87492699755967,2.116126812772202
306.4607134467097,2.114483744298796
305.0464998958761,2.1128334502395316
303.6322863450586,2.1111762459667074
302.2180727942569,2.109512323011532
300.80385924347036,2.1078417512689662
299.38964569269837,2.1061644812404285
297.9754321419401,2.104480346360046
296.56121859119463,2.1027890654479644
295.1470050404611,2.1010902453317137
293.7327914897386,2.0993833836751015
292.31857793902606,2.0976678720515443
290.90436438832256,2.0959429992972107
289.49015083762714,2.094207955177007
288.0759372869388,2.0924618343950825
286.6617237362567,2.09070364097912
285.2475101855799,2.088932293066244
283.83329663490764,2.0871466281157156
282.4190830842391,2.0853454085715715
281.0048695335735,2.083527327994932
279.5906559829102,2.0816910176824224
278.1764424322486,2.0798350537822463
276.76222888158816,2.0779579649138804
275.3480153309284,2.0760582402904317
273.93380178026894,2.0741343383338036
272.51958822960955,2.07218469576289
271.10537467895,2.0702077371230168
269.6911611282903,2.068201884710831
268.2769475776305,2.0661655688341654
266.86273402697094,2.064097238329201
265.44852047631207,2.06199537124039
264.0343069256545,2.0598584855505426
262.62009337499927,2.0576851498316087
261.20587982434756,2.055473993670666
259.7916662737009,2.053223717712445
258.3774527230612,2.050933103149787
256.96323917243075,2.048601020487709
255.5490256218123,2.046226437407117
254.13481207120904,2.043808425559774
252.72059852062475,2.041346166138828
251.30638497006368,2.0388389540885212
249.8921714195307,2.03628620084168
248.47795786903131,2.033687435505131
247.0637443185716,2.031042304448015
245.64953076815834,2.02835056928665
244.235317217799,2.025612103298694
242.82110366750172,2.0228268863381453
241.40689011727528,2.019994998358757
239.9926765671292,2.0171166116850685
238.57846301707366,2.0141919821960417
237.16424946711953,2.0112214396056185
235.75003591727832,2.008205377035722
234.3358223675622,2.005144240081409
232.92160881798395,2.002038515564328
231.50739526855696,1.9988887201607102
230.09318171929525,1.9956953890742928
228.67896817021332,1.9924590649046023
227.2647546213263,1.9891802868374007
225.8505410726498,1.985859580259365
224.4363275242,1.9824974468727232
223.02211397599356,1.9790943553605835
221.60790042804766,1.9756507326293216
220.19368688037991,1.9721669556322374
218.77947333300853,1.968643343758892
217.36525978595208,1.9650801517573622
215.95104623922973,1.9614775631421897
214.5368326928611,1.9578356840287898
213.12261914687258,1.9541545377091323
212.67244263621836,1.9529744966622897
211.25822909074816,1.9492414669011349
209.84401554570056,1.9454688723649811
208.42980200109747,1.9416564212121528
207.01558845696147,1.9378037154822065
205.60137491331565,1.9339102458010498
204.1871613701838,1.9299753858943012
202.77294782759034,1.925998386811498
201.35873428556044,1.9219783707601197
199.94452074412,1.9179143244446069
198.53030720329568,1.9138050917996705
197.11609366311495,1.909649366000592
195.70188012360623,1.9054456806236382
194.28766658479879,1.901192399818243
192.87345304672294,1.896887707337895
191.45923950941005,1.8925295942584488
190.04502597289263,1.8881158451896012
188.63081243720438,1.8836440227575735
187.21659890238038,1.8791114501020296
185.80238536845712,1.8745151910879212
184.3881718354727,1.869852027880171
182.9739583034669,1.8651184354638806
181.55974477248154,1.86031055261208
180.14553124256048,1.8554241487020713
178.7313177137501,1.8504545856547716
177.31710418609947,1.84539677411211
175.90289065966095,1.8402451227642107
174.4886771344905,1.8349934794784506
173.07446361064842,1.8296350625466342
171.66025008820017,1.8241623799286928
170.24603656721732,1.8185671337949765
168.8318230477789,1.8128401069019464
167.4176095300035,1.8069710252792315
166.60358186823657,1.803523922560554
165.18936835321043,1.7974071564519956
163.77515484010354,1.791115754482667
162.36094132906052,1.7846340338733668
160.9467278202532,1.7779441179092987
159.53251431388924,1.7710254849038236
158.11830081022435,1.76385438472682
156.7040873095796,1.7564030708926937
155.28987381236647,1.7486387698953647
153.8756603191245,1.7405222664057316
152.46144683057838,1.7320059098202798
151.04723334772774,1.7230307181422875
149.63301987199358,1.7135220141273
148.21880640546587,1.7033825524480766
146.80459295134315,1.6924810850181853
145.39037951475356,1.6806319572588964
143.9761661043556,1.667555151651895
142.56195273800296,1.652787193557287
141.3571519827236,1.638229407756044
140.4886394098305,1.625958127845825
139.8625491207919,1.6156085516361505
139.41121538684285,1.6068624408112202
139.08585956921596,1.599445805183749
138.85725103642793,1.5932982917671026
138.69662120538857,1.5881971364234597
138.58375606274694,1.5839593639116982
138.50445239469673,1.5804348820155858
138.4487304273346,1.5775005418472552
138.409577952802,1.5750551822425123
138.38206789963303,1.5730155643399018
138.36273830066622,1.5713130662788886
138.3491566324924,1.5698910066838403
138.3396137020772,1.5687024792521647
138.33290855866338,1.5677085990329838
138.32819736385318,1.5668770790393025
138.32488720139227,1.5661810717539217
138.32256146347413,1.5655982233494008
138.32092742403478,1.5651098991546548
138.31977940156077,1.5647005474107971
138.31897287574776,1.564357175051965
138.31840630080123,1.5640689144865596
138.3180083267311,1.563826664429575
138.31772882054676,1.5636227909741924
138.31753255744698,1.5634508774400102
138.31739478810428,1.5633055131176625
138.31729812424663,1.5631821117442377
138.3172303520474,1.5630767523629912
138.31718288443548,1.562986489564802
138.31715056577664,1.5629096792560149
138.3171286268724,1.562843775000574
138.3171138427827,1.5627855494252276
138.31710363697556,1.562731268050977
138.31709622955114,1.562666935719274
138.31709405515315,1.5626054746883817
138.31709444965517,1.5625720076140737
138.3170961250235,1.5625434505079971
138.3171215468276,1.5623935241816487
138.31715915316678,1.5622797208858854
138.31726643083326,1.562076210261903
138.31788868062796,1.5614702286206223
138.3187644774792,1.5609608536265203
138.32381822669748,1.559312934368072
138.35371003652904,1.55496596968496
138.70726156073837,1.5382427113861943
140.12147334164123,1.512269017782024
141.5356861032205,1.4970428231018087
142.94989914999653,1.485469703254289
144.36411233737132,1.4759043288915006
145.7783256089525,1.4676446028107435
147.1925389366296,1.4603150069277502
148.60675230429118,1.4536877860342825
150.0209657018216,1.4476131170194717
151.43517912244687,1.4419866541726738
152.84939256140743,1.4367325780304565
154.26360601523248,1.4317939608621053
155.67781948131488,1.4271269267465745
157.09203295764834,1.4226969273943342
158.50624644265767,1.4184762675013172
159.920459935085,1.4144424035224314
161.33467343391135,1.4105767402524694
162.74888693830067,1.4068637586064359
164.16310044755963,1.4032903701095378
165.57731396110762,1.3998454304543415
166.99152747845423,1.3965193671094234
168.4057409991821,1.3933038902835193
169.81995452293353,1.3901917658563128
171.23416804940007,1.3871766350803443
172.64838157831417,1.3842528700684822
174.06259510944255,1.381415456997849
175.47680864258083,1.3786599010173162
176.8910221775491,1.3759821483181118
178.3052357141884,1.3733785218974432
179.71944925235766,1.370845668333302
181.13366279193127,1.3683805134766476
182.547876332797,1.3659802254109992
183.96208987485417,1.363642183367955
185.37630341801233,1.3613639515482483
186.79051696218983,1.3591432570008388
188.20473050731286,1.356977970872174
189.6189440533145,1.354866092463802
191.03315760013388,1.352805735637319
192.4473711477156,1.3507951171865105
193.86158469600898,1.3488325468619449
195.27579824496775,1.3469164187866274
196.69001179454938,1.3450452040447614
198.10422534471485,1.3432174442615492
199.5184388954282,1.341431746021531
200.9326524466563,1.3396867759974735
202.34686599836854,1.3379812566821696
203.7610795505366,1.3363139626326306
205.17529310313424,1.3346837171502737
206.58950665613708,1.333089389332716
208.00372020952253,1.3315298914428215
209.4179337632695,1.3300041765490023
210.8321473173584,1.3285112363980154
212.2463608717709,1.3270500994873022
213.66057442648992,1.3256198293092416
215.0747879814995,1.3242195227436406
216.48900153678468,1.3228483085786902
217.90321509233146,1.3215053461434594
219.31742864812674,1.3201898240376708
220.73164220415813,1.318900958946695
222.1458557604141,1.3176379945314252
223.56006931688376,1.316400200384423
224.97428287355683,1.3151868710448846
226.38849643042371,1.3139973250661552
227.8027099874753,1.3128309041304456
229.21692354470304,1.31168697220622
230.6311371020988,1.310564914744298
232.04535065965496,1.3094641379094107
233.45956421736432,1.30838406784427
234.87377777522005,1.3073241499637493
236.2879913332157,1.3062838482770232
237.70220489134513,1.3052626437834256
239.11641844960258,1.3042600376969333
240.53063200798255,1.3032755449989102
241.94484556647984,1.3023086977958593
243.35905912508952,1.3013590437610996
244.77327268380688,1.3004261455927772
246.1874862426275,1.299509580490628
247.60169980154714,1.2986089396507843
249.0159133605618,1.2977238277778316
250.43012691966766,1.296853862613435
251.84434047886106,1.2959986744809124
253.25855403813856,1.295157905845215
254.67276759749686,1.2943312108876621
256.08698115693284,1.2935182550950381
257.5011947164435,1.2927187148624601
258.91540827602597,1.2919322771096218
260.32962183567753,1.2911586389099354
261.74383539539565,1.2903975071321505
263.1580489551778,1.2896485980940646
264.5722625150216,1.288911637227915
265.98647607492484,1.2881863587570817
267.40068963488534,1.2874725053837206
268.8149031949011,1.2867698279870206
270.22911675497005,1.2860780853316975
271.6433303150904,1.2853970437864026
273.0575438752603,1.2847264770517617
274.4717574354781,1.284066165897678
275.885970995742,1.283415897909663
277.30018455605057,1.282775467243838
278.71439811640226,1.2821446743903882
280.12861167679563,1.281523325945118
281.54282523722924,1.2809112343889446
282.9570387977018,1.2803082178749576
284.371252358212,1.279714100022889
285.7854659187587,1.2791287097206911
287.19967947934066,1.2785518809330219
288.6138930399568,1.2779834525163785
290.028106600606,1.2774232680407103
291.4423201612873,1.2768711756172197
292.8565337219996,1.27632702773221
294.270747282742,1.2757906810906008
295.6849608435136,1.275261996486604
297.0561728852668,1.2747565755756454
297.9948448744337,1.2744146042586997
298.63741879911663,1.2741823656035158
299.0772968965205,1.2740242495752527
299.3784182665958,1.2739164130395109
299.58455282990104,1.2738427808824977
299.72566356600845,1.2737924634019515
299.82226182457066,1.2737580593582407
299.8883887814178,1.2737345270908205
299.9336564134326,1.2737184269355186
299.9646446609783,1.273707409690445
299.98585786439133,1.2736998693858728
300.0,1.273694844000652
300.0,1.273694844000652
300.01414213560867,1.2736898186182986
300.0353553390217,1.2736822827709724
300.0663435865675,1.2736712767706388
300.11161121858237,1.273655205358426
300.17773817542974,1.2736317413621754
300.27433643399246,1.2735974931359437
300.4154471701011,1.2735475229602646
300.62158173340913,1.273474653553326
300.92270310349045,1.2733684762809012
301.3625812009073,1.2732139472524082
302.0051551256182,1.2729894308993779
302.94382711484513,1.2726640391436042
304.31503915672704,1.2721941519257878
305.7292527176825,1.2717162023246824
307.143466278661,1.2712449188851145
308.5576798396618,1.2707801930518814
309.9718934006843,1.2703219190674206
311.38610696172793,1.269869993846945
312.8003205227921,1.2694243168760224
314.2145340838763,1.268984790114432
315.62874764497997,1.2685513179035104
317.04296120610263,1.2681238068768474
318.45717476724377,1.2677021658742682
319.87138832840293,1.2672863058589603
321.28560188957965,1.2668761398376285
322.6998154507735,1.266471582783622
324.11402901198403,1.2660725515628979
325.5282425732109,1.2656789648627238
326.9424561344536,1.2652907431230664
328.35666969571184,1.264907808470546
329.77088325698526,1.264530084654858
331.1850968182735,1.264157496987636
332.5993103795762,1.2637899722836115
334.01352394089304,1.2634274388040334
335.4277375022237,1.263069826202267
336.8419510635679,1.2627170654714879
338.2561646249253,1.2623690888943937
339.6703781862957,1.2620258299949312
341.08459174767876,1.2616872234918526
342.4988053090742,1.2613532052541583
343.91301887048184,1.2610237122583001
345.3272324319014,1.2606986825471065
346.7414459933326,1.2603780551903416
348.15565955477524,1.2600617702469035
349.5698731162291,1.2597497687285395
350.98408667769394,1.259441992565083
352.3983002391696,1.2591383845711155
353.81251380065584,1.2588388884140478
355.2267273621525,1.2585434485835194
356.64094092365934,1.2582520103621433
358.0551544851762,1.2579645197974738
359.4693680467029,1.257680923675203
360.88358160823935,1.2574011694935414
362.2977951697853,1.257125205438705
363.7120087313405,1.2568529803615296
365.12622229290497,1.2565844437551095
366.54043585447846,1.256319545733458
367.9546494160609,1.2560582370111781
369.36886297765204,1.2558004688840374
370.7830765392518,1.2555461932104823
372.1972901008601,1.2552953623940226
373.6115036624767,1.2550479293664494
375.0257172241015,1.2548038475718961
376.4399307857345,1.2545630709516522
377.8541443473754,1.254325553929758
379.2683579090242,1.2540912513993012
380.6825714706807,1.2538601187094267
382.09678503234494,1.2536321116530185
383.51099859401666,1.2534071864550094
384.9252121556958,1.2531852997613278
386.3394257173823,1.252966408628418
387.7536392790761,1.2527504705133556
389.16785284077696,1.2525374432644838
390.5820664024849,1.25232728511258
391.99627996419974,1.252119954662533
393.4104935259215,1.2519154108854873
394.82470708765,1.251713613111439
396.2389206493852,1.2515145210223046
397.653134211127,1.2513180946453497
399.06734777287534,1.251124294347077
400.4815613346301,1.2509330808274446
401.89577489639123,1.2507444151144842
403.3099884581586,1.2505582585592387
404.7242020199322,1.2503745728310376
406.1384155817119,1.2501933199130852
407.5526291434977,1.2500144620983353
408.9668427052895,1.2498379619856652
410.38105626708716,1.2496637824762857
411.7952698288907,1.2494918867704277
413.20948339070003,1.249322238364251
414.62369695251505,1.2491548010469922
416.03791051433575,1.2489895388982912
417.452124076162,1.248826416285759
418.8663376379938,1.2486653978626934
420.28055119983105,1.2485064485659945
421.6947647616737,1.248349533614224
423.1089783235217,1.248194618505834
424.52319188537496,1.2480416690175256
425.9374054472334,1.2478906512027432
427.351619009097,1.2477415313902833
428.76583257096576,1.247594276183044
430.1800461328395,1.2474488524568308
431.59425969471823,1.2473052273593055
433.0084732566019,1.2471633683090046
434.42268681849043,1.2470232429944086
435.8369003803838,1.2468848193731517
437.2511139422819,1.2467480656711996
438.66532750418475,1.2466129503822094
440.07954106609225,1.2464794422668168
441.49375462800435,1.2463475103520452
442.907968189921,1.2462171239307471
444.32218175184215,1.2460882525610548
445.73639531376773,1.2459608660658714
447.15060887569774,1.245834934532392
448.5648224376321,1.2457104283116613
449.9790359995707,1.245587318018083
451.39324956151364,1.2454655745290182
452.8074631234607,1.2453451689843529
454.221676685412,1.2452260727860438
455.63589024736734,1.24510825759773
457.05010380932674,1.2449916953442783
458.4643173712902,1.2448763582113376
459.87853093325754,1.244762218644942
461.2927444952288,1.2446492493509853
462.70695805720396,1.244537423294804
464.121171619183,1.2444267137006717
465.53538518116574,1.2443170940512809
466.94959874315225,1.2442085380872299
468.36381230514246,1.2441010198064713
469.7780258671363,1.2439945134637442
471.19223942913374,1.2438889935699666
472.60645299113474,1.2437844348916112
474.0206665531393,1.243680812450083
475.4348801151473,1.243578101520992
476.8490936771587,1.2434762776334964
478.2633072391735,1.2433753165695356
479.6775208011917,1.243275194363056
481.09173436321316,1.2431758872992376
482.5059479252379,1.243077371913655
483.92016148726583,1.2429796249914031
485.33437504929697,1.242882623566222
486.74858861133123,1.242786344919566
488.1628021733686,1.242690766579649
489.577015735409,1.2425958663204533
490.9912292974525,1.2425016221607141
492.4054428594989,1.2424080123628662
493.8196564215483,1.2423150154319724
495.2338699836006,1.2422226101146003
496.6480835456557,1.2421307753976885
498.0622971077137,1.2420394905073655
499.4765106697744,1.2419487349077687
500.0,1.241915270682209
