Lx,Lz,id,min_Re
13.75,9.333333333333334,1,128.92862261385406
13.75,9.333333333333334,2,111.22607472082635
13.75,9.333333333333334,3,128.9286226524061
12.5,8.333333333333334,1,124.69400250551548
12.5,8.333333333333334,2,124.69400252923761
12.5,8.333333333333334,3,107.08731788288966
11.25,7.333333333333333,1,122.01816377856692
11.25,7.333333333333333,2,122.01816392614332
11.25,7.333333333333333,3,104.20948584321174
10.0,6.333333333333333,1,121.52905974819001
10.0,6.333333333333333,2,121.52905961168054
10.0,6.333333333333333,3,103.32910946393757
8.75,5.333333333333333,1,123.25361398199047
8.75,5.333333333333333,2,123.2536137995495
8.75,5.333333333333333,3,106.03854787518812
7.5,4.333333333333333,1,116.3393392259875
7.5,4.333333333333333,2,122.75880880272246
6.25,3.3333333333333335,1,145.65780292314707
6.25,3.3333333333333335,2,145.65780301376572
13.75,9.666666666666666,1,130.68855093996032
13.75,9.666666666666666,2,112.30665502385375
13.75,9.666666666666666,3,130.68855084650437
12.5,8.666666666666666,1,125.88633352686176
12.5,8.666666666666666,2,107.70664559363843
12.5,8.666666666666666,3,125.88633392909637
11.25,7.666666666666667,1,122.49294335854792
11.25,7.666666666666667,2,122.49294296478121
11.25,7.666666666666667,3,104.20776048348212
10.0,6.666666666666667,1,121.17820436079477
10.0,6.666666666666667,2,121.17820417224402
10.0,6.666666666666667,3,102.41583235540693
8.75,5.666666666666667,1,122.58946044696046
8.75,5.666666666666667,2,122.58946046507197
8.75,5.666666666666667,3,103.57023227651557
6.25,3.6666666666666665,1,131.23798771833037
6.25,3.6666666666666665,2,131.2379878602011
7.5,4.666666666666667,1,125.11537245786148
7.5,4.666666666666667,2,125.11537240844766
7.5,4.666666666666667,3,110.58848533630449
13.75,10.0,1,132.7823426033929
13.75,10.0,2,132.78234263034278
13.75,10.0,3,113.80460622412727
5.0,2.3333333333333335,1,235.954916321134
5.0,2.3333333333333335,2,235.95491576246974
5.0,2.3333333333333335,3,235.95491609167794
12.5,9.0,1,127.4820603625099
12.5,9.0,2,108.80703420053281
12.5,9.0,3,127.48206028155198
11.25,8.0,1,123.45220612908423
11.25,8.0,2,123.4522061285561
11.25,8.0,3,104.78283030612096
10.0,7.0,1,121.34740457574543
10.0,7.0,2,121.3474046503985
10.0,7.0,3,102.24671347937738
8.75,6.0,1,122.11152240934574
8.75,6.0,2,102.20754267501715
8.75,6.0,3,122.11152240884233
6.25,4.0,1,121.97764488174433
6.25,4.0,2,128.908849798929
7.5,5.0,1,125.80599892808225
7.5,5.0,2,125.80599882237554
7.5,5.0,3,106.91083877216965
12.5,9.333333333333334,1,129.45655462239057
12.5,9.333333333333334,2,129.45655456867712
12.5,9.333333333333334,3,110.41485582543683
11.25,8.333333333333334,1,124.87280417724782
11.25,8.333333333333334,2,105.95631734008047
11.25,8.333333333333334,3,124.87280447599967
10.0,7.333333333333333,1,122.05074892519875
10.0,7.333333333333333,2,102.8239521393966
10.0,7.333333333333333,3,122.05074893305641
5.0,2.6666666666666665,1,188.9351111096272
5.0,2.6666666666666665,2,244.4238892663328
5.0,2.6666666666666665,3,188.9351110812116
8.75,6.333333333333333,1,122.02972210090445
8.75,6.333333333333333,2,122.02972231510522
8.75,6.333333333333333,3,275.74423230310066
8.75,6.333333333333333,4,101.87997528633333
12.5,9.666666666666666,1,131.7887145405306
12.5,9.666666666666666,2,285.31491769223976
12.5,9.666666666666666,3,131.78871471682154
12.5,9.666666666666666,4,112.57188562086256
11.25,8.666666666666666,1,126.7324298055353
11.25,8.666666666666666,2,289.41801214462816
11.25,8.666666666666666,3,126.73242945134454
11.25,8.666666666666666,4,107.77202544849759
6.25,4.333333333333333,1,132.15254556287505
6.25,4.333333333333333,2,132.15254564805198
7.5,5.333333333333333,1,104.9654658751917
7.5,5.333333333333333,2,126.00182305633186
7.5,5.333333333333333,3,126.0018229692936
7.5,5.333333333333333,4,286.7025955986052
10.0,7.666666666666667,1,123.28459258003234
10.0,7.666666666666667,2,123.28459230703004
10.0,7.666666666666667,3,104.18720098695883
8.75,6.666666666666667,1,122.46889688986693
8.75,6.666666666666667,2,122.4688967917883
8.75,6.666666666666667,3,102.59730084926926
5.0,3.0,1,162.3580463483046
5.0,3.0,2,288.8316807606521
5.0,3.0,3,288.83168061974516
12.5,10.0,1,134.46169310277068
12.5,10.0,2,115.33830490892291
12.5,10.0,3,134.46169285617054
12.5,10.0,4,264.5699276442755
11.25,9.0,1,129.01203812421696
11.25,9.0,2,129.01203790632482
11.25,9.0,3,261.7546202548544
11.25,9.0,4,110.29970623785465
7.5,5.666666666666667,1,126.05903545890938
7.5,5.666666666666667,2,104.6334910794748
7.5,5.666666666666667,3,104.63349101128567
7.5,5.666666666666667,4,126.05903535974939
10.0,8.0,1,125.03818521152593
10.0,8.0,2,106.41699950722935
10.0,8.0,3,125.03818517156486
10.0,8.0,4,278.3636251037228
10.0,8.0,5,278.3636250371765
6.25,4.666666666666667,1,134.69337689602483
6.25,4.666666666666667,2,134.6933768411088
8.75,7.0,1,123.49828781133179
8.75,7.0,2,104.4468865836679
8.75,7.0,3,123.4982878241934
11.25,9.333333333333334,1,131.69736268613397
11.25,9.333333333333334,2,234.22429904905744
11.25,9.333333333333334,3,131.69736279252936
10.0,8.333333333333334,1,127.30021842825026
10.0,8.333333333333334,2,236.87642157644166
10.0,8.333333333333334,3,127.30021843326435
10.0,8.333333333333334,4,236.87642153527747
7.5,6.0,1,126.30655117151278
7.5,6.0,2,105.9848371441613
7.5,6.0,3,126.30655138910828
8.75,7.333333333333333,1,125.15159494511424
8.75,7.333333333333333,2,107.60238131986002
8.75,7.333333333333333,3,125.15159484078211
8.75,7.333333333333333,4,265.69269840851433
8.75,7.333333333333333,5,265.69269829128564
6.25,5.0,1,136.7444565845951
6.25,5.0,2,282.93645109638084
6.25,5.0,3,136.74445648653122
11.25,9.666666666666666,1,134.77988561139196
11.25,9.666666666666666,2,126.4530647245159
11.25,9.666666666666666,3,134.7798858541478
11.25,9.666666666666666,4,117.93573104746014
14.166666666666666,3.0,1,292.1764101500357
14.166666666666666,3.0,2,292.1764101204189
10.0,8.666666666666666,1,130.0629374715126
10.0,8.666666666666666,2,130.06293735866026
10.0,8.666666666666666,3,114.05224988194003
10.0,8.666666666666666,4,191.92931496516994
10.0,8.666666666666666,5,191.92931596570548
7.5,6.333333333333333,1,127.06369064392959
7.5,6.333333333333333,2,127.06369067861506
7.5,6.333333333333333,3,109.28048802767184
8.75,7.666666666666667,1,127.44348224255023
8.75,7.666666666666667,2,201.9969033487863
8.75,7.666666666666667,3,201.9969030329423
8.75,7.666666666666667,4,112.33731169650089
8.75,7.666666666666667,5,127.44348220768244
11.25,10.0,1,138.25748031856554
11.25,10.0,2,138.2574807420023
11.25,10.0,3,123.37170144182251
11.25,10.0,4,131.24601032086065
6.25,5.333333333333333,1,137.53621790177922
6.25,5.333333333333333,2,119.24346128103674
6.25,5.333333333333333,3,119.24346135891392
14.166666666666666,3.3333333333333335,1,241.63445804565188
14.166666666666666,3.3333333333333335,2,241.6344580636268
10.0,9.0,1,133.32473411645663
10.0,9.0,2,133.3247340847565
10.0,9.0,3,130.35740222475994
10.0,9.0,4,119.90297731677826
10.0,9.0,5,119.90297740273783
7.5,6.666666666666667,1,128.55214756243632
7.5,6.666666666666667,2,236.37494442852446
5.0,4.0,1,152.93336185676745
5.0,4.0,2,152.93336195658065
5.0,4.0,3,212.79083197588628
8.75,8.0,1,130.38237823605087
8.75,8.0,2,119.02389531338568
8.75,8.0,3,130.3823779921168
8.75,8.0,4,119.02389507805297
8.75,8.0,5,133.03375840382702
8.75,8.0,6,119.02389537954939
6.25,5.666666666666667,1,137.53784961073518
6.25,5.666666666666667,2,263.5882673578268
10.0,9.333333333333334,1,137.0917557115809
10.0,9.333333333333334,2,137.09175558324273
10.0,9.333333333333334,3,127.5138718593187
10.0,9.333333333333334,4,135.82524026430212
14.166666666666666,3.6666666666666665,1,207.70949260000782
14.166666666666666,3.6666666666666665,2,207.7094922931895
8.75,8.333333333333334,1,133.97901768132866
8.75,8.333333333333334,2,133.9790176238062
8.75,8.333333333333334,3,128.0646914883661
8.75,8.333333333333334,4,138.80489154239714
7.5,7.0,1,142.36007372951403
7.5,7.0,2,130.8825643652626
7.5,7.0,3,123.57998789173276
7.5,7.0,4,130.88256439074306
7.5,7.0,5,123.57998799671212
7.5,7.0,6,227.11856423566124
5.0,4.333333333333333,1,161.85189187074468
12.916666666666666,3.0,1,269.9373390248345
12.916666666666666,3.0,2,269.93733920330135
10.0,9.666666666666666,1,141.37881978726176
10.0,9.666666666666666,2,141.3788199886799
10.0,9.666666666666666,3,141.53962030276153
10.0,9.666666666666666,4,137.2162558801381
6.25,6.0,1,138.20542038040693
6.25,6.0,2,272.47659549135216
6.25,6.0,3,156.32292220527142
6.25,6.0,4,138.20542018472648
14.166666666666666,4.0,1,184.10035083267422
14.166666666666666,4.0,2,184.1003518301833
8.75,8.666666666666666,1,138.25118158320308
8.75,8.666666666666666,2,144.42153542310697
8.75,8.666666666666666,3,138.2511816753904
8.75,8.666666666666666,4,139.6923553603493
7.5,7.333333333333333,1,134.1007064642714
7.5,7.333333333333333,2,134.10070635001682
7.5,7.333333333333333,3,147.40721327974188
7.5,7.333333333333333,4,175.95589740524514
7.5,7.333333333333333,5,235.0447003948129
7.5,7.333333333333333,6,290.1341853376193
10.0,10.0,1,146.20976109900195
10.0,10.0,2,146.20976137599254
10.0,10.0,3,147.55056478511523
10.0,10.0,4,149.2319953376917
10.0,10.0,5,201.87362544320413
12.916666666666666,3.3333333333333335,1,223.7506820243381
12.916666666666666,3.3333333333333335,2,223.75068189426509
5.0,4.666666666666667,1,176.05176497115184
5.0,4.666666666666667,2,176.0517649523678
5.0,4.666666666666667,3,222.85401764110202
5.0,4.666666666666667,4,170.05215745502403
6.25,6.333333333333333,1,140.15987839151188
6.25,6.333333333333333,2,156.17190159000347
14.166666666666666,4.333333333333333,1,167.10851442910192
14.166666666666666,4.333333333333333,2,286.3588590129497
14.166666666666666,4.333333333333333,3,167.1085145021655
8.75,9.0,1,143.22539580658912
8.75,9.0,2,153.75695920238934
8.75,9.0,3,143.22539600282846
8.75,9.0,4,153.7569592548715
8.75,9.0,5,211.90197698280818
8.75,9.0,6,150.12848607289064
8.75,9.0,7,150.12848625280512
7.5,7.666666666666667,1,138.2278924744415
7.5,7.666666666666667,2,151.6574009119396
7.5,7.666666666666667,3,151.65740076114892
7.5,7.666666666666667,4,285.1276149496929
7.5,7.666666666666667,5,198.70353515184487
12.916666666666666,3.6666666666666665,1,192.74334786121773
12.916666666666666,3.6666666666666665,2,192.7433478402528
5.0,5.0,1,255.10828818632172
5.0,5.0,2,238.22597083287462
5.0,5.0,3,191.82557235443844
6.25,6.666666666666667,1,143.46706048228708
6.25,6.666666666666667,2,172.26211107969183
6.25,6.666666666666667,3,224.09941651049448
6.25,6.666666666666667,4,270.52140938919297
6.25,6.666666666666667,5,224.0994165132357
6.25,6.666666666666667,6,163.76860051775617
14.166666666666666,4.666666666666667,1,154.50056075408642
14.166666666666666,4.666666666666667,2,217.28390105923592
8.75,9.333333333333334,1,148.93602739377366
8.75,9.333333333333334,2,148.93602759025805
8.75,9.333333333333334,3,156.0316123270994
8.75,9.333333333333334,4,169.87763238930592
8.75,9.333333333333334,5,156.03161222869574
8.75,9.333333333333334,6,262.0905978233848
7.5,8.0,1,143.279313747153
7.5,8.0,2,156.00573489570718
7.5,8.0,3,165.23881767987126
7.5,8.0,4,236.07259214029335
7.5,8.0,5,165.2388179508559
11.666666666666666,3.0,1,248.14315843338423
11.666666666666666,3.0,2,248.14315876745363
12.916666666666666,4.0,1,171.17447370860583
6.25,7.0,1,148.0479623283353
6.25,7.0,2,267.4930579958688
14.166666666666666,5.0,1,146.61392764791213
14.166666666666666,5.0,2,144.88928232636798
8.75,9.666666666666666,1,155.42169671382098
8.75,9.666666666666666,2,187.92692563855005
8.75,9.666666666666666,3,155.42169651155555
5.0,5.333333333333333,1,235.2446266990123
5.0,5.333333333333333,2,222.5999914852979
7.5,8.333333333333334,1,149.26607672746906
7.5,8.333333333333334,2,183.0008705171913
7.5,8.333333333333334,3,183.00087043532665
11.666666666666666,3.3333333333333335,1,206.31044186614554
11.666666666666666,3.3333333333333335,2,206.31044176729588
12.916666666666666,4.333333333333333,1,155.67171279124074
12.916666666666666,4.333333333333333,2,257.41842616431313
8.75,10.0,1,162.71855868685236
8.75,10.0,2,162.71855898856623
8.75,10.0,3,208.448895806965
8.75,10.0,4,168.61115914237834
6.25,7.333333333333333,1,153.7687765328023
6.25,7.333333333333333,2,226.27105785975195
14.166666666666666,5.333333333333333,1,137.39090117221377
14.166666666666666,5.333333333333333,2,143.50813740879832
7.5,8.666666666666666,1,156.18647243257863
5.0,5.666666666666667,1,158.95704402739796
5.0,5.666666666666667,2,158.9570440089807
10.416666666666666,2.6666666666666665,1,285.03299087493633
10.416666666666666,2.6666666666666665,2,285.03299080086697
11.666666666666666,3.6666666666666665,1,178.22274836373998
12.916666666666666,4.666666666666667,1,144.19696766815252
12.916666666666666,4.666666666666667,2,194.32341721162987
6.25,7.666666666666667,1,160.4310229481713
6.25,7.666666666666667,2,258.53675700226427
6.25,7.666666666666667,3,274.4581334086028
6.25,7.666666666666667,4,258.53675630155544
6.25,7.666666666666667,5,160.43102284473306
14.166666666666666,5.666666666666667,1,140.29433177351305
14.166666666666666,5.666666666666667,2,140.29433191418036
7.5,9.0,1,164.0093425526968
7.5,9.0,2,294.03400132922565
7.5,9.0,3,237.0080382070125
5.0,6.0,1,160.6296478399238
5.0,6.0,2,235.03311022554342
5.0,6.0,3,268.2816539627428
10.416666666666666,3.0,1,226.97917645314868
10.416666666666666,3.0,2,226.97917725508864
11.666666666666666,4.0,1,158.7002364088619
11.666666666666666,4.0,2,158.700236522559
12.916666666666666,5.0,1,135.48454048766774
12.916666666666666,5.0,2,138.67831535112384
6.25,8.0,1,167.73860959156002
6.25,8.0,2,274.53891208259904
6.25,8.0,3,274.53891218696754
14.166666666666666,6.0,1,137.0722327767686
14.166666666666666,6.0,2,137.07223298535445
7.5,9.333333333333334,1,172.65218546538784
7.5,9.333333333333334,2,289.1061220473988
5.0,6.333333333333333,1,164.08008452774303
5.0,6.333333333333333,2,278.85639143118163
11.666666666666666,4.333333333333333,1,144.69768700513066
11.666666666666666,4.333333333333333,2,228.35264975101927
10.416666666666666,3.3333333333333335,1,189.50476340993748
10.416666666666666,3.3333333333333335,2,189.50476329726408
12.916666666666666,5.333333333333333,1,128.7292793454078
12.916666666666666,5.333333333333333,2,136.51670908073825
14.166666666666666,6.333333333333333,1,134.12428948486416
14.166666666666666,6.333333333333333,2,134.12428945350658
14.166666666666666,6.333333333333333,3,122.73671466988698
6.25,8.333333333333334,1,175.27688749098232
6.25,8.333333333333334,2,280.4503277852872
7.5,9.666666666666666,1,181.95859154279026
7.5,9.666666666666666,2,288.8292741367126
5.0,6.666666666666667,1,169.01755000037696
5.0,6.666666666666667,2,169.0175502057706
5.0,6.666666666666667,3,240.62585872267093
9.166666666666666,2.6666666666666665,1,258.0381120604538
9.166666666666666,2.6666666666666665,2,258.03811139854486
11.666666666666666,4.666666666666667,1,170.99102625349775
11.666666666666666,4.666666666666667,2,134.37326324314182
11.666666666666666,4.666666666666667,3,134.37326354931324
14.166666666666666,6.666666666666667,1,131.60413204592658
14.166666666666666,6.666666666666667,2,119.57836351545753
14.166666666666666,6.666666666666667,3,131.60413190324996
10.416666666666666,3.6666666666666665,1,164.3463007208557
10.416666666666666,3.6666666666666665,2,164.34630044521606
6.25,8.666666666666666,1,182.5534226250804
6.25,8.666666666666666,2,284.03013755772156
6.25,8.666666666666666,3,297.97826052231346
12.916666666666666,5.666666666666667,1,133.900177103474
12.916666666666666,5.666666666666667,2,133.90017712119936
7.5,10.0,1,191.6814202985335
5.0,7.0,1,175.87278242737543
5.0,7.0,2,243.00786648721063
14.166666666666666,7.0,1,129.57972847840216
14.166666666666666,7.0,2,117.03826433400768
14.166666666666666,7.0,3,129.57972851280505
11.666666666666666,5.0,1,126.58394275359792
11.666666666666666,5.0,2,132.02624209320086
6.25,9.0,1,189.28422268147884
6.25,9.0,2,287.7649246093186
12.916666666666666,6.0,1,131.2686028526683
12.916666666666666,6.0,2,119.18254463869316
12.916666666666666,6.0,3,131.26860277941842
10.416666666666666,4.0,1,146.88614999211333
10.416666666666666,4.0,2,277.34420386832414
9.166666666666666,3.0,1,206.75723359250063
9.166666666666666,3.0,2,206.75723359815348
5.0,7.333333333333333,1,187.06845588567083
14.166666666666666,7.333333333333333,1,128.0716894366476
14.166666666666666,7.333333333333333,2,115.03461669720737
14.166666666666666,7.333333333333333,3,128.0716892105464
6.25,9.333333333333334,1,196.19353608269148
12.916666666666666,6.333333333333333,1,128.92305004143265
12.916666666666666,6.333333333333333,2,115.82134979640102
12.916666666666666,6.333333333333333,3,128.92305002918795
11.666666666666666,5.333333333333333,1,120.60472216600446
11.666666666666666,5.333333333333333,2,130.5319429306645
10.416666666666666,4.333333333333333,1,134.40821852053588
10.416666666666666,4.333333333333333,2,199.14166476167105
10.416666666666666,4.333333333333333,3,134.4082185128896
9.166666666666666,3.3333333333333335,1,173.66174695937426
14.166666666666666,7.666666666666667,1,127.07566940091998
14.166666666666666,7.666666666666667,2,113.50945390174769
14.166666666666666,7.666666666666667,3,127.07566936679189
5.0,7.666666666666667,1,204.67702426477496
5.0,7.666666666666667,2,204.67702433149054
6.25,9.666666666666666,1,205.42816396917337
12.916666666666666,6.666666666666667,1,127.01234352609748
12.916666666666666,6.666666666666667,2,113.17377267926024
12.916666666666666,6.666666666666667,3,127.01234360565614
11.666666666666666,5.666666666666667,1,128.48332914483362
11.666666666666666,5.666666666666667,2,128.4833296487001
10.416666666666666,4.666666666666667,1,125.26917550664392
10.416666666666666,4.666666666666667,2,146.2774045705
10.416666666666666,4.666666666666667,3,146.27740490067123
10.416666666666666,4.666666666666667,4,125.26917559161072
9.166666666666666,3.6666666666666665,1,151.46268928594583
9.166666666666666,3.6666666666666665,2,151.4626893055945
14.166666666666666,8.0,1,126.57455934214256
14.166666666666666,8.0,2,126.57455919278524
14.166666666666666,8.0,3,112.42134416774658
5.0,8.0,1,226.48580370133462
6.25,10.0,1,219.31248071072443
12.916666666666666,7.0,1,125.59966883088103
12.916666666666666,7.0,2,111.13701796126175
12.916666666666666,7.0,3,125.59966908309025
7.916666666666667,2.6666666666666665,1,232.52604867247504
7.916666666666667,2.6666666666666665,2,232.52604862791645
11.666666666666666,6.0,1,126.45697841837718
11.666666666666666,6.0,2,126.45697839448601
11.666666666666666,6.0,3,112.37120914776075
10.416666666666666,5.0,1,118.45145975746998
10.416666666666666,5.0,2,118.45145975784278
14.166666666666666,8.333333333333334,1,126.54489725563239
14.166666666666666,8.333333333333334,2,111.74092168713048
14.166666666666666,8.333333333333334,3,126.544897122059
9.166666666666666,4.0,1,136.1069375669916
9.166666666666666,4.0,2,238.64157326979782
9.166666666666666,4.0,3,136.10693766972258
5.0,8.333333333333334,1,253.79032614109457
5.0,8.333333333333334,2,253.79032601756538
12.916666666666666,7.333333333333333,1,124.70203214737211
12.916666666666666,7.333333333333333,2,109.64120076678059
12.916666666666666,7.333333333333333,3,124.70203213847084
11.666666666666666,6.333333333333333,1,124.74129769226671
11.666666666666666,6.333333333333333,2,109.61417288818339
11.666666666666666,6.333333333333333,3,124.7412975773551
7.916666666666667,3.0,1,188.05575862386925
10.416666666666666,5.333333333333333,1,125.94071658013648
10.416666666666666,5.333333333333333,2,125.9407166428848
14.166666666666666,8.666666666666666,1,126.96020209984692
14.166666666666666,8.666666666666666,2,111.44822831618339
14.166666666666666,8.666666666666666,3,126.96020176914591
9.166666666666666,4.333333333333333,1,125.21227457775467
9.166666666666666,4.333333333333333,2,169.59845301024103
9.166666666666666,4.333333333333333,3,125.21227446111654
12.916666666666666,7.666666666666667,1,124.3119493080568
12.916666666666666,7.666666666666667,2,108.63911057222462
12.916666666666666,7.666666666666667,3,124.3119492340333
5.0,8.666666666666666,1,285.521924145905
11.666666666666666,6.666666666666667,1,123.47196695483848
11.666666666666666,6.666666666666667,2,107.56725303317053
11.666666666666666,6.666666666666667,3,123.47196682656164
14.166666666666666,9.0,1,127.79279027835001
14.166666666666666,9.0,2,127.79279011809577
14.166666666666666,9.0,3,111.53123281737074
7.916666666666667,3.3333333333333335,1,159.40946710669775
10.416666666666666,5.666666666666667,1,124.45253458284547
10.416666666666666,5.666666666666667,2,109.44781996690007
10.416666666666666,5.666666666666667,3,176.71899790904635
10.416666666666666,5.666666666666667,4,124.45253449409012
6.666666666666667,2.3333333333333335,1,272.04313367922015
6.666666666666667,2.3333333333333335,2,272.043134001288
6.666666666666667,2.3333333333333335,3,272.043133497701
12.916666666666666,8.0,1,124.40931949640571
12.916666666666666,8.0,2,124.40931892523784
12.916666666666666,8.0,3,108.1000183626941
9.166666666666666,4.666666666666667,1,117.33988227716218
9.166666666666666,4.666666666666667,2,123.44344701835175
11.666666666666666,7.0,1,122.70416060446776
11.666666666666666,7.0,2,122.70416056712752
11.666666666666666,7.0,3,106.1461144688414
14.166666666666666,9.333333333333334,1,129.01491687636013
14.166666666666666,9.333333333333334,2,129.01491686211773
14.166666666666666,9.333333333333334,3,111.98512333683423
10.416666666666666,6.0,1,123.05631292072466
10.416666666666666,6.0,2,123.05631272624557
10.416666666666666,6.0,3,106.5936219472876
12.916666666666666,8.333333333333334,1,124.9680256742247
12.916666666666666,8.333333333333334,2,108.00613454693905
12.916666666666666,8.333333333333334,3,124.96802545476902
7.916666666666667,3.6666666666666665,1,140.26279450216884
7.916666666666667,3.6666666666666665,2,140.26279458695603
9.166666666666666,5.0,1,111.60532986584315
9.166666666666666,5.0,2,124.06761646786231
11.666666666666666,7.333333333333333,1,122.45006648096148
11.666666666666666,7.333333333333333,2,122.45006651987214
11.666666666666666,7.333333333333333,3,105.29804276042397
6.666666666666667,2.6666666666666665,1,209.62085185434648
6.666666666666667,2.6666666666666665,2,291.1532224941671
6.666666666666667,2.6666666666666665,3,291.15322220510654
14.166666666666666,9.666666666666666,1,130.59964825042624
14.166666666666666,9.666666666666666,2,112.8121589464917
14.166666666666666,9.666666666666666,3,130.59964826288774
12.916666666666666,8.666666666666666,1,125.95975328728446
12.916666666666666,8.666666666666666,2,108.35080855621499
12.916666666666666,8.666666666666666,3,125.95975314353475
10.416666666666666,6.333333333333333,1,122.00371464657941
10.416666666666666,6.333333333333333,2,122.00371461020376
10.416666666666666,6.333333333333333,3,104.58738376820791
7.916666666666667,4.0,1,127.13344982377937
7.916666666666667,4.0,2,199.91121628177567
11.666666666666666,7.666666666666667,1,122.69945242141513
11.666666666666666,7.666666666666667,2,122.69945272292648
11.666666666666666,7.666666666666667,3,104.9936258622617
14.166666666666666,10.0,1,132.52162856591394
14.166666666666666,10.0,2,114.02196005882584
14.166666666666666,10.0,3,132.5216286577127
9.166666666666666,5.333333333333333,1,123.42342036302377
9.166666666666666,5.333333333333333,2,123.42342030598923
9.166666666666666,5.333333333333333,3,107.46082360181435
6.666666666666667,3.0,1,172.12070833862052
6.666666666666667,3.0,2,172.12070811923707
12.916666666666666,9.0,1,127.35634654757962
12.916666666666666,9.0,2,127.35634658054813
12.916666666666666,9.0,3,109.1379452299941
10.416666666666666,6.666666666666667,1,121.41376662704057
10.416666666666666,6.666666666666667,2,121.41376676533234
10.416666666666666,6.666666666666667,3,103.32976049879848
11.666666666666666,8.0,1,123.43130697127314
11.666666666666666,8.0,2,105.22233109043512
11.666666666666666,8.0,3,123.43130694887326
7.916666666666667,4.333333333333333,1,117.98736839764689
7.916666666666667,4.333333333333333,2,137.1112148291826
9.166666666666666,5.666666666666667,1,122.53730007468255
9.166666666666666,5.666666666666667,2,122.53730020876542
9.166666666666666,5.666666666666667,3,104.56973846917866
12.916666666666666,9.333333333333334,1,129.1313728808085
12.916666666666666,9.333333333333334,2,129.1313730464134
12.916666666666666,9.333333333333334,3,110.38234061497438
6.666666666666667,3.3333333333333335,1,148.17427258885434
10.416666666666666,7.0,1,121.3355280808798
10.416666666666666,7.0,2,121.33552787010423
10.416666666666666,7.0,3,102.76681408388791
11.666666666666666,8.333333333333334,1,124.62058996356484
11.666666666666666,8.333333333333334,2,124.62058979500931
11.666666666666666,8.333333333333334,3,105.99077460236839
9.166666666666666,6.0,1,121.81864299201993
9.166666666666666,6.0,2,121.81864281117298
9.166666666666666,6.0,3,102.73265646957216
9.166666666666666,6.0,4,284.6821323509995
7.916666666666667,4.666666666666667,1,111.61059346179904
7.916666666666667,4.666666666666667,2,123.9336986242369
12.916666666666666,9.666666666666666,1,131.2612164109989
12.916666666666666,9.666666666666666,2,131.26121616398802
12.916666666666666,9.666666666666666,3,112.11081093874452
10.416666666666666,7.333333333333333,1,121.78068996970937
10.416666666666666,7.333333333333333,2,121.78068983206768
10.416666666666666,7.333333333333333,3,102.87961174261646
6.666666666666667,3.6666666666666665,1,132.41152319625243
11.666666666666666,8.666666666666666,1,126.24225340775178
11.666666666666666,8.666666666666666,2,107.32299802461931
11.666666666666666,8.666666666666666,3,126.24225341835685
9.166666666666666,6.333333333333333,1,121.48122082533021
9.166666666666666,6.333333333333333,2,121.48122099118895
9.166666666666666,6.333333333333333,3,101.8440193722667
12.916666666666666,10.0,1,133.72585783918737
12.916666666666666,10.0,2,288.4682893050456
12.916666666666666,10.0,3,133.72585773880573
12.916666666666666,10.0,4,114.36410235168758
7.916666666666667,5.0,1,124.47796279327306
7.916666666666667,5.0,2,124.47796276114443
7.916666666666667,5.0,3,107.27977090935086
10.416666666666666,7.666666666666667,1,122.74214992268806
10.416666666666666,7.666666666666667,2,122.74214991549483
10.416666666666666,7.666666666666667,3,103.67983456367747
5.416666666666667,2.3333333333333335,1,243.3058404131623
5.416666666666667,2.3333333333333335,2,243.30584072616134
5.416666666666667,2.3333333333333335,3,243.30584068232974
11.666666666666666,9.0,1,284.409502949256
11.666666666666666,9.0,2,128.2736913554536
11.666666666666666,9.0,3,128.27369136676054
11.666666666666666,9.0,4,284.40950335607664
11.666666666666666,9.0,5,109.26242633713805
6.666666666666667,4.0,1,121.9530082888814
6.666666666666667,4.0,2,158.75636366786077
9.166666666666666,6.666666666666667,1,121.64077259436775
9.166666666666666,6.666666666666667,2,121.64077279229049
9.166666666666666,6.666666666666667,3,101.86853096654326
10.416666666666666,8.0,1,124.20491263510287
10.416666666666666,8.0,2,124.20491263593605
10.416666666666666,8.0,3,105.20989093886743
7.916666666666667,5.333333333333333,1,124.40776704761359
7.916666666666667,5.333333333333333,2,124.40776726731372
7.916666666666667,5.333333333333333,3,104.57939710162728
11.666666666666666,9.333333333333334,1,130.69627807153745
11.666666666666666,9.333333333333334,2,130.69627802797245
11.666666666666666,9.333333333333334,3,111.87541559557003
11.666666666666666,9.333333333333334,4,262.6580731674331
5.416666666666667,2.6666666666666665,1,255.05763156704882
5.416666666666667,2.6666666666666665,2,192.20649989242688
5.416666666666667,2.6666666666666665,3,255.05763124786208
14.583333333333334,3.0,1,299.666607087416
14.583333333333334,3.0,2,299.66660693687805
6.666666666666667,4.333333333333333,1,115.18307912988543
6.666666666666667,4.333333333333333,2,115.18307920895457
6.666666666666667,4.333333333333333,3,128.09868729998036
6.666666666666667,4.333333333333333,4,115.18307926306716
9.166666666666666,7.0,1,122.35582686646373
9.166666666666666,7.0,2,122.35582679504147
9.166666666666666,7.0,3,102.83136781660401
10.416666666666666,8.333333333333334,1,126.1526045677456
10.416666666666666,8.333333333333334,2,126.1526047020491
10.416666666666666,8.333333333333334,3,107.546741590063
10.416666666666666,8.333333333333334,4,267.8839896750982
10.416666666666666,8.333333333333334,5,267.88398994924916
11.666666666666666,9.666666666666666,1,133.4963518596249
11.666666666666666,9.666666666666666,2,133.4963519125223
11.666666666666666,9.666666666666666,3,232.99460335312645
11.666666666666666,9.666666666666666,4,115.25636177566543
7.916666666666667,5.666666666666667,1,124.2245496510846
7.916666666666667,5.666666666666667,2,275.5233723219275
7.916666666666667,5.666666666666667,3,124.22454963558391
7.916666666666667,5.666666666666667,4,103.30006525738438
14.583333333333334,3.3333333333333335,1,247.67219985228303
14.583333333333334,3.3333333333333335,2,247.67220006961358
5.416666666666667,3.0,1,162.43449738768757
5.416666666666667,3.0,2,292.56966212515414
5.416666666666667,3.0,3,292.56966223277067
9.166666666666666,7.333333333333333,1,123.6514707630965
9.166666666666666,7.333333333333333,2,123.65147081452622
9.166666666666666,7.333333333333333,3,104.8188163913504
10.416666666666666,8.666666666666666,1,128.5714417049837
10.416666666666666,8.666666666666666,2,128.57144171187528
10.416666666666666,8.666666666666666,3,110.80897767935566
6.666666666666667,4.666666666666667,1,130.10225128774826
11.666666666666666,10.0,1,136.66586535071895
11.666666666666666,10.0,2,127.3748340603108
11.666666666666666,10.0,3,119.53418175889522
11.666666666666666,10.0,4,136.665865550988
7.916666666666667,6.0,1,124.2399477512429
7.916666666666667,6.0,2,124.23994758807177
7.916666666666667,6.0,3,103.38639835550127
14.583333333333334,3.6666666666666665,1,212.7745652177691
14.583333333333334,3.6666666666666665,2,212.77456563949818
9.166666666666666,7.666666666666667,1,125.53529225605138
9.166666666666666,7.666666666666667,2,107.98698328298735
9.166666666666666,7.666666666666667,3,250.33166733978356
9.166666666666666,7.666666666666667,4,250.33166741199145
9.166666666666666,7.666666666666667,5,125.53529243556855
10.416666666666666,9.0,1,131.45270791887717
10.416666666666666,9.0,2,131.45270798383652
10.416666666666666,9.0,3,115.16628732693971
10.416666666666666,9.0,4,188.43513344052923
5.416666666666667,3.3333333333333335,1,144.36597935630792
5.416666666666667,3.3333333333333335,2,289.6368019865867
6.666666666666667,5.0,1,131.5178879631678
6.666666666666667,5.0,2,109.71398373625057
6.666666666666667,5.0,3,131.51788787154305
7.916666666666667,6.333333333333333,1,124.70279226402803
7.916666666666667,6.333333333333333,2,124.70279205084748
7.916666666666667,6.333333333333333,3,104.91926495348497
14.583333333333334,4.0,1,188.48589262926703
14.583333333333334,4.0,2,188.48589234331826
13.333333333333334,3.0,1,277.30778739249945
13.333333333333334,3.0,2,277.30778720098476
9.166666666666666,8.0,1,128.0085205889495
9.166666666666666,8.0,2,197.5900333785393
9.166666666666666,8.0,3,128.00852071352992
9.166666666666666,8.0,4,112.57474978706799
9.166666666666666,8.0,5,197.59003307960467
10.416666666666666,9.333333333333334,1,134.7943225794688
10.416666666666666,9.333333333333334,2,130.35301004077965
10.416666666666666,9.333333333333334,3,134.79432248580403
10.416666666666666,9.333333333333334,4,120.84836440134609
5.416666666666667,3.6666666666666665,1,133.72537730236826
7.916666666666667,6.666666666666667,1,125.79019905070412
7.916666666666667,6.666666666666667,2,125.79019880441703
7.916666666666667,6.666666666666667,3,108.12182967661151
6.666666666666667,5.333333333333333,1,132.27855480069402
6.666666666666667,5.333333333333333,2,132.27855487131845
10.416666666666666,9.666666666666666,1,138.60183658991926
10.416666666666666,9.666666666666666,2,138.60183638418562
10.416666666666666,9.666666666666666,3,128.14439705282732
10.416666666666666,9.666666666666666,4,135.69541334317924
9.166666666666666,8.333333333333334,1,131.07357538924177
9.166666666666666,8.333333333333334,2,118.90930389136577
9.166666666666666,8.333333333333334,3,118.90930402847104
9.166666666666666,8.333333333333334,4,131.07357536159435
9.166666666666666,8.333333333333334,5,131.60293975028645
14.583333333333334,4.333333333333333,1,170.99905766902828
14.583333333333334,4.333333333333333,2,170.99905805474882
14.583333333333334,4.333333333333333,3,295.9777007658741
13.333333333333334,3.3333333333333335,1,229.66965723142138
7.916666666666667,7.0,1,127.60355287848041
7.916666666666667,7.0,2,113.36945070504869
7.916666666666667,7.0,3,220.5819484363301
7.916666666666667,7.0,4,220.58194849065399
5.416666666666667,4.0,1,142.13554681153252
5.416666666666667,4.0,2,128.69992513057053
5.416666666666667,4.0,3,142.13554679932292
5.416666666666667,4.0,4,285.64622970406174
6.666666666666667,5.666666666666667,1,132.57348881531237
6.666666666666667,5.666666666666667,2,132.57348900644152
10.416666666666666,10.0,1,142.8890282110888
10.416666666666666,10.0,2,137.3725131880526
10.416666666666666,10.0,3,141.3436319080152
10.416666666666666,10.0,4,142.88902844560747
10.416666666666666,10.0,5,137.37251339359915
9.166666666666666,8.666666666666666,1,134.7388012368798
9.166666666666666,8.666666666666666,2,137.30544584001652
9.166666666666666,8.666666666666666,3,127.37165404019693
9.166666666666666,8.666666666666666,4,127.37165415007509
14.583333333333334,4.666666666666667,1,158.0156389025492
14.583333333333334,4.666666666666667,2,224.89436392893143
13.333333333333334,3.6666666666666665,1,197.6897573672218
13.333333333333334,3.6666666666666665,2,197.6897575403769
7.916666666666667,7.333333333333333,1,130.19167223741132
7.916666666666667,7.333333333333333,2,121.13970929527294
7.916666666666667,7.333333333333333,3,138.20715838463357
7.916666666666667,7.333333333333333,4,130.1916718350901
9.166666666666666,9.0,1,139.02105438540653
9.166666666666666,9.0,2,138.26748881379802
9.166666666666666,9.0,3,139.02105452909964
9.166666666666666,9.0,4,138.26748849181243
9.166666666666666,9.0,5,245.71485697850034
9.166666666666666,9.0,6,143.03288136686947
9.166666666666666,9.0,7,245.71485697843283
6.666666666666667,6.0,1,133.14520063128975
6.666666666666667,6.0,2,265.5058196081721
6.666666666666667,6.0,3,265.5058195126954
6.666666666666667,6.0,4,133.14520051429162
6.666666666666667,6.0,5,260.76306526075143
6.666666666666667,6.0,6,121.83811430917518
6.666666666666667,6.0,7,260.7630654776539
5.416666666666667,4.333333333333333,1,146.8511546849865
5.416666666666667,4.333333333333333,2,129.13940444382027
5.416666666666667,4.333333333333333,3,129.13940417179094
14.583333333333334,5.0,1,148.10805840839205
14.583333333333334,5.0,2,149.4872604351929
13.333333333333334,4.0,1,175.4403915006305
13.333333333333334,4.0,2,175.44039148489864
12.083333333333334,3.0,1,255.3488567994782
12.083333333333334,3.0,2,255.34885623512147
7.916666666666667,7.666666666666667,1,133.5794020024687
7.916666666666667,7.666666666666667,2,131.76828311135228
7.916666666666667,7.666666666666667,3,133.5794019283045
7.916666666666667,7.666666666666667,4,143.76536784560702
9.166666666666666,9.333333333333334,1,143.94659227362564
9.166666666666666,9.333333333333334,2,143.94659217271396
9.166666666666666,9.333333333333334,3,151.6255365483977
9.166666666666666,9.333333333333334,4,148.92795013785738
9.166666666666666,9.333333333333334,5,148.9279499793797
6.666666666666667,6.333333333333333,1,134.60978672786595
6.666666666666667,6.333333333333333,2,133.0582020225362
6.666666666666667,6.333333333333333,3,155.07567291567665
6.666666666666667,6.333333333333333,4,133.05820191118698
6.666666666666667,6.333333333333333,5,196.6762203866611
14.583333333333334,5.333333333333333,1,140.36651588119847
14.583333333333334,5.333333333333333,2,146.0156157388115
5.416666666666667,4.666666666666667,1,153.19175506138922
5.416666666666667,4.666666666666667,2,136.36523226877617
13.333333333333334,4.333333333333333,1,159.44041429851552
13.333333333333334,4.333333333333333,2,267.079139200571
13.333333333333334,4.333333333333333,3,159.44041451566724
12.083333333333334,3.3333333333333335,1,212.06474408323356
12.083333333333334,3.3333333333333335,2,212.06474457681244
7.916666666666667,8.0,1,137.78635670866137
7.916666666666667,8.0,2,145.06197431600577
7.916666666666667,8.0,3,137.78635657051382
7.916666666666667,8.0,4,148.69931151491696
7.916666666666667,8.0,5,145.06197419630948
9.166666666666666,9.666666666666666,1,149.55038819211495
9.166666666666666,9.666666666666666,2,155.04925573909304
9.166666666666666,9.666666666666666,3,149.55038809853028
9.166666666666666,9.666666666666666,4,167.17486443591193
9.166666666666666,9.666666666666666,5,246.53817989083115
9.166666666666666,9.666666666666666,6,167.17486482250018
6.666666666666667,6.666666666666667,1,137.19250685332483
6.666666666666667,6.666666666666667,2,237.71053623517628
6.666666666666667,6.666666666666667,3,157.12863537967277
6.666666666666667,6.666666666666667,4,237.7105362675142
6.666666666666667,6.666666666666667,5,137.19250682787708
6.666666666666667,6.666666666666667,6,185.000345659096
14.583333333333334,5.666666666666667,1,142.59525149846016
14.583333333333334,5.666666666666667,2,142.59525136953712
13.333333333333334,4.666666666666667,1,147.58655059884032
13.333333333333334,4.666666666666667,2,147.58655061824726
13.333333333333334,4.666666666666667,3,202.00345271636886
5.416666666666667,5.0,1,155.68336711269626
12.083333333333334,3.6666666666666665,1,183.00329549080166
7.916666666666667,8.333333333333334,1,142.8347444694468
7.916666666666667,8.333333333333334,2,142.83474430762757
7.916666666666667,8.333333333333334,3,153.64532353990543
7.916666666666667,8.333333333333334,4,227.38011363655193
7.916666666666667,8.333333333333334,5,153.64532354185755
9.166666666666666,10.0,1,155.87366268680316
9.166666666666666,10.0,2,155.8736626613873
9.166666666666666,10.0,3,161.42081580123542
9.166666666666666,10.0,4,184.67147197046472
10.833333333333334,2.6666666666666665,1,294.2577669354311
10.833333333333334,2.6666666666666665,2,294.2577672818851
14.583333333333334,6.0,1,139.17881075333315
14.583333333333334,6.0,2,139.1788106866664
6.666666666666667,7.0,1,140.93026421868953
6.666666666666667,7.0,2,159.2620333361123
6.666666666666667,7.0,3,162.42679254295632
6.666666666666667,7.0,4,162.42679228976678
6.666666666666667,7.0,5,284.212083951607
6.666666666666667,7.0,6,159.26203299265518
6.666666666666667,7.0,7,212.7620453069683
13.333333333333334,5.0,1,138.57251264190617
13.333333333333334,5.0,2,141.19679718593696
13.333333333333334,5.0,3,138.57251272628125
7.916666666666667,8.666666666666666,1,148.74901297185232
7.916666666666667,8.666666666666666,2,148.7490129429534
7.916666666666667,8.666666666666666,3,177.57101375686793
7.916666666666667,8.666666666666666,4,158.83386102685782
7.916666666666667,8.666666666666666,5,158.83386102496019
7.916666666666667,8.666666666666666,6,177.57101366769044
5.416666666666667,5.333333333333333,1,182.97899133638577
5.416666666666667,5.333333333333333,2,152.04483069371744
12.083333333333334,4.0,1,162.79755749087315
12.083333333333334,4.0,2,162.79755747427856
14.583333333333334,6.333333333333333,1,136.0358254831091
14.583333333333334,6.333333333333333,2,136.03582552113994
10.833333333333334,3.0,1,233.94816900290152
10.833333333333334,3.0,2,233.94816911351742
6.666666666666667,7.333333333333333,1,145.798583024029
6.666666666666667,7.333333333333333,2,179.5456360391721
6.666666666666667,7.333333333333333,3,162.19031406799792
6.666666666666667,7.333333333333333,4,179.54563634659112
6.666666666666667,7.333333333333333,5,253.30432738321826
6.666666666666667,7.333333333333333,6,179.54563628344346
13.333333333333334,5.333333333333333,1,131.5668239112862
13.333333333333334,5.333333333333333,2,138.7498733253947
7.916666666666667,9.0,1,155.54905915661814
7.916666666666667,9.0,2,155.54905893245248
7.916666666666667,9.0,3,197.1443871487091
7.916666666666667,9.0,4,164.3697962267011
12.083333333333334,4.333333333333333,1,148.2931180498722
12.083333333333334,4.333333333333333,2,238.05542758725935
5.416666666666667,5.666666666666667,1,228.15495792733265
5.416666666666667,5.666666666666667,2,189.71468694158884
14.583333333333334,6.666666666666667,1,121.83732447095174
14.583333333333334,6.666666666666667,2,133.31963450524407
14.583333333333334,6.666666666666667,3,133.31963436852595
10.833333333333334,3.3333333333333335,1,195.01984822151684
6.666666666666667,7.666666666666667,1,151.7417128710003
6.666666666666667,7.666666666666667,2,201.13425704869275
6.666666666666667,7.666666666666667,3,201.1342575907921
6.666666666666667,7.666666666666667,4,151.74171308047096
13.333333333333334,5.666666666666667,1,135.93797140739977
13.333333333333334,5.666666666666667,2,135.93797134361103
13.333333333333334,5.666666666666667,3,240.04245098516094
7.916666666666667,9.333333333333334,1,163.23770180135665
7.916666666666667,9.333333333333334,2,163.23770191061462
7.916666666666667,9.333333333333334,3,221.6599325509623
7.916666666666667,9.333333333333334,4,163.2377019832085
12.083333333333334,4.666666666666667,1,137.58256000665224
12.083333333333334,4.666666666666667,2,178.83623358340222
14.583333333333334,7.0,1,131.0988937482416
14.583333333333334,7.0,2,119.14441181809124
14.583333333333334,7.0,3,131.0988935136452
5.416666666666667,6.0,1,175.040668309194
5.416666666666667,6.0,2,152.06480073670758
5.416666666666667,6.0,3,215.5515449140005
6.666666666666667,8.0,1,158.66132025503074
6.666666666666667,8.0,2,246.72332362923623
6.666666666666667,8.0,3,288.1510218957821
6.666666666666667,8.0,4,288.1510219401973
6.666666666666667,8.0,5,246.72332350460536
10.833333333333334,3.6666666666666665,1,168.88307164143995
13.333333333333334,6.0,1,133.1081914627884
13.333333333333334,6.0,2,133.10819147603945
7.916666666666667,9.666666666666666,1,171.78325949824585
7.916666666666667,9.666666666666666,2,291.29390126183347
7.916666666666667,9.666666666666666,3,171.78325918449616
9.583333333333334,2.6666666666666665,1,266.9058212152755
9.583333333333334,2.6666666666666665,2,266.9058219539495
14.583333333333334,7.333333333333333,1,116.98979674555241
14.583333333333334,7.333333333333333,2,129.39477759602767
14.583333333333334,7.333333333333333,3,129.39477757718208
12.083333333333334,5.0,1,134.08162800340162
12.083333333333334,5.0,2,129.48177190443684
12.083333333333334,5.0,3,129.48177205769684
12.083333333333334,5.0,4,129.48177195942804
5.416666666666667,6.333333333333333,1,155.14739302527528
6.666666666666667,8.333333333333334,1,166.38863954783392
6.666666666666667,8.333333333333334,2,271.55817703893604
6.666666666666667,8.333333333333334,3,290.83807145183005
7.916666666666667,10.0,1,181.09961394858757
10.833333333333334,4.0,1,150.73262211885998
10.833333333333334,4.0,2,290.24383362375096
10.833333333333334,4.0,3,150.73262210823088
13.333333333333334,6.333333333333333,1,130.55889991046163
13.333333333333334,6.333333333333333,2,130.5588999056182
13.333333333333334,6.333333333333333,3,118.06272039292583
14.583333333333334,7.666666666666667,1,128.20351532594742
14.583333333333334,7.666666666666667,2,115.31261982322803
14.583333333333334,7.666666666666667,3,128.20351506825617
9.583333333333334,3.0,1,213.36552535138551
12.083333333333334,5.333333333333333,1,123.23878317229257
12.083333333333334,5.333333333333333,2,132.39491166794505
5.416666666666667,6.666666666666667,1,159.54321276363873
5.416666666666667,6.666666666666667,2,159.5432127742019
6.666666666666667,8.666666666666666,1,174.6544664343449
6.666666666666667,8.666666666666666,2,286.4552396196853
6.666666666666667,8.666666666666666,3,294.0049638694904
13.333333333333334,6.666666666666667,1,128.44150488840987
13.333333333333334,6.666666666666667,2,128.44150485048365
13.333333333333334,6.666666666666667,3,115.23756946630718
10.833333333333334,4.333333333333333,1,137.74236383126652
10.833333333333334,4.333333333333333,2,208.89899078387916
10.833333333333334,4.333333333333333,3,137.74236375940333
14.583333333333334,8.0,1,127.5087512198543
14.583333333333334,8.0,2,114.06878996093432
14.583333333333334,8.0,3,127.5087510261034
12.083333333333334,5.666666666666667,1,130.15938673891262
12.083333333333334,5.666666666666667,2,130.1593867054161
9.583333333333334,3.3333333333333335,1,178.8062082818561
9.583333333333334,3.3333333333333335,2,178.80620826365322
6.666666666666667,9.0,1,183.070848276331
5.416666666666667,7.0,1,164.7549979718291
5.416666666666667,7.0,2,164.75499808536134
5.416666666666667,7.0,3,275.43549016377784
5.416666666666667,7.0,4,251.61034192861936
5.416666666666667,7.0,5,251.61034162648247
13.333333333333334,7.0,1,126.82123994578421
13.333333333333334,7.0,2,113.02398920540513
13.333333333333334,7.0,3,126.82123961741236
14.583333333333334,8.333333333333334,1,127.28798827723591
14.583333333333334,8.333333333333334,2,113.22627267429111
14.583333333333334,8.333333333333334,3,127.28798841972244
10.833333333333334,4.666666666666667,1,154.85995783128575
10.833333333333334,4.666666666666667,2,128.20240223359852
12.083333333333334,6.0,1,127.92923076995235
12.083333333333334,6.0,2,127.92923090399387
12.083333333333334,6.0,3,114.55209355056995
6.666666666666667,9.333333333333334,1,191.14172627189683
9.583333333333334,3.6666666666666665,1,155.6149475252277
9.583333333333334,3.6666666666666665,2,155.61494759135326
5.416666666666667,7.333333333333333,1,170.52820948317483
13.333333333333334,7.333333333333333,1,111.34776961394994
13.333333333333334,7.333333333333333,2,125.71659671012716
13.333333333333334,7.333333333333333,3,236.42086694824604
13.333333333333334,7.333333333333333,4,125.7165968754096
14.583333333333334,8.666666666666666,1,127.51581767073733
14.583333333333334,8.666666666666666,2,112.76223894104854
14.583333333333334,8.666666666666666,3,127.51581772713702
10.833333333333334,5.0,1,121.05286373928648
10.833333333333334,5.0,2,128.4626258680641
10.833333333333334,5.0,3,121.05286382186831
12.083333333333334,6.333333333333333,1,126.0003498590208
12.083333333333334,6.333333333333333,2,111.58251994358189
12.083333333333334,6.333333333333333,3,126.00034977474947
6.666666666666667,9.666666666666666,1,198.37294692165736
6.666666666666667,9.666666666666666,2,198.37294697149906
13.333333333333334,7.666666666666667,1,125.12129487486618
13.333333333333334,7.666666666666667,2,110.15765091026987
13.333333333333334,7.666666666666667,3,125.12129473878254
9.583333333333334,4.0,1,251.54090293250684
9.583333333333334,4.0,2,139.55005774811158
9.583333333333334,4.0,3,251.5409029761739
14.583333333333334,9.0,1,128.16553629547343
14.583333333333334,9.0,2,112.66140352923561
14.583333333333334,9.0,3,128.16553645043703
5.416666666666667,7.666666666666667,1,177.2281151470927
5.416666666666667,7.666666666666667,2,257.9001211611065
5.416666666666667,7.666666666666667,3,177.22811503914863
8.333333333333334,2.6666666666666665,1,240.81429521007718
8.333333333333334,2.6666666666666665,2,240.8142953768145
10.833333333333334,5.333333333333333,1,127.28338530948542
10.833333333333334,5.333333333333333,2,127.28338536821877
12.083333333333334,6.666666666666667,1,124.5135861485553
12.083333333333334,6.666666666666667,2,109.32124420981735
12.083333333333334,6.666666666666667,3,124.51358598556966
6.666666666666667,10.0,1,204.86132358594503
6.666666666666667,10.0,2,204.8613233250464
13.333333333333334,8.0,1,125.01622721009791
13.333333333333334,8.0,2,109.41872601800094
13.333333333333334,8.0,3,125.01622697514895
14.583333333333334,9.333333333333334,1,129.21006392783883
14.583333333333334,9.333333333333334,2,112.91513872142788
14.583333333333334,9.333333333333334,3,129.21006425602042
5.416666666666667,8.0,1,186.14089145096514
9.583333333333334,4.333333333333333,1,128.11717638354983
9.583333333333334,4.333333333333333,2,179.518654802068
9.583333333333334,4.333333333333333,3,179.51865434213863
9.583333333333334,4.333333333333333,4,128.1171762438265
8.333333333333334,3.0,1,194.06546524033334
8.333333333333334,3.0,2,194.0654650864341
10.833333333333334,5.666666666666667,1,125.60682921146717
10.833333333333334,5.666666666666667,2,111.48689885266997
10.833333333333334,5.666666666666667,3,125.60682916862258
12.083333333333334,7.0,1,123.52695305825142
12.083333333333334,7.0,2,123.52695332331422
12.083333333333334,7.0,3,107.67705406407788
14.583333333333334,9.666666666666666,1,130.62262681389936
14.583333333333334,9.666666666666666,2,113.52111520866647
14.583333333333334,9.666666666666666,3,130.62262686354657
13.333333333333334,8.333333333333334,1,125.37596608958634
13.333333333333334,8.333333333333334,2,125.37596582742547
13.333333333333334,8.333333333333334,3,109.108536117126
5.416666666666667,8.333333333333334,1,200.27950132567125
5.416666666666667,8.333333333333334,2,200.27950200425053
9.583333333333334,4.666666666666667,1,119.80817851345438
9.583333333333334,4.666666666666667,2,124.02027546881251
8.333333333333334,3.3333333333333335,1,163.92211899781657
8.333333333333334,3.3333333333333335,2,163.92211918893608
10.833333333333334,6.0,1,123.99669778129181
10.833333333333334,6.0,2,123.9966975819501
10.833333333333334,6.0,3,108.36618371518668
12.083333333333334,7.333333333333333,1,123.0541289830709
12.083333333333334,7.333333333333333,2,123.05412895566383
12.083333333333334,7.333333333333333,3,106.59053611281577
14.583333333333334,10.0,1,132.37740284242332
14.583333333333334,10.0,2,132.3774026395252
14.583333333333334,10.0,3,114.483342046776
13.333333333333334,8.666666666666666,1,126.17241962584872
13.333333333333334,8.666666666666666,2,109.21492166787606
13.333333333333334,8.666666666666666,3,126.17241902012192
5.416666666666667,8.666666666666666,1,216.41365944957414
5.416666666666667,8.666666666666666,2,216.41365962508212
9.583333333333334,5.0,1,113.69277843555639
9.583333333333334,5.0,2,124.75302090777839
12.083333333333334,7.666666666666667,1,123.08545870832288
12.083333333333334,7.666666666666667,2,106.02501490277827
12.083333333333334,7.666666666666667,3,123.08545842643083
7.083333333333333,2.3333333333333335,1,282.95212069486445
7.083333333333333,2.3333333333333335,2,282.9521201852593
10.833333333333334,6.333333333333333,1,122.71859941913549
10.833333333333334,6.333333333333333,2,106.08505425871456
10.833333333333334,6.333333333333333,3,122.71859936434834
13.333333333333334,9.0,1,127.37704497108369
13.333333333333334,9.0,2,127.37704519665779
13.333333333333334,9.0,3,109.735048282258
8.333333333333334,3.6666666666666665,1,143.73974070484198
8.333333333333334,3.6666666666666665,2,143.73974094742016
5.416666666666667,9.0,1,236.9511099732368
5.416666666666667,9.0,2,236.95110985172337
9.583333333333334,5.333333333333333,1,123.96782203620855
9.583333333333334,5.333333333333333,2,109.19007229274804
9.583333333333334,5.333333333333333,3,123.96782193313894
12.083333333333334,8.0,1,123.59970079279113
12.083333333333334,8.0,2,105.96140376292394
12.083333333333334,8.0,3,123.59970075076362
13.333333333333334,9.333333333333334,1,128.96233033599847
13.333333333333334,9.333333333333334,2,128.96233028137533
13.333333333333334,9.333333333333334,3,110.67527345716992
10.833333333333334,6.666666666666667,1,121.89684350946887
10.833333333333334,6.666666666666667,2,121.89684365103841
10.833333333333334,6.666666666666667,3,104.53219625292608
8.333333333333334,4.0,1,129.84446587491692
8.333333333333334,4.0,2,212.84204292476326
7.083333333333333,2.6666666666666665,1,216.85049978493893
7.083333333333333,2.6666666666666665,2,216.85049981970877
5.416666666666667,9.333333333333334,1,263.89094182316
5.416666666666667,9.333333333333334,2,263.89094163193494
12.083333333333334,8.333333333333334,1,124.57077957333313
12.083333333333334,8.333333333333334,2,124.57077959341665
12.083333333333334,8.333333333333334,3,106.39567882061868
13.333333333333334,9.666666666666666,1,130.9028720622885
13.333333333333334,9.666666666666666,2,130.90287208749922
13.333333333333334,9.666666666666666,3,112.05168861897384
9.583333333333334,5.666666666666667,1,122.87214012875168
9.583333333333334,5.666666666666667,2,105.93700850547494
9.583333333333334,5.666666666666667,3,122.87214025034008
10.833333333333334,7.0,1,121.58171370140775
10.833333333333334,7.0,2,121.58171385856821
10.833333333333334,7.0,3,103.6411287531568
8.333333333333334,4.333333333333333,1,120.08323397539958
8.333333333333334,4.333333333333333,2,149.00406470150534
5.416666666666667,9.666666666666666,1,295.36537522757544
7.083333333333333,3.0,1,176.9921815942591
7.083333333333333,3.0,2,176.99218175319362
12.083333333333334,8.666666666666666,1,125.97179222461418
12.083333333333334,8.666666666666666,2,107.33820631329846
12.083333333333334,8.666666666666666,3,125.97179212016323
13.333333333333334,10.0,1,133.17619558309093
13.333333333333334,10.0,2,133.17619535767847
13.333333333333334,10.0,3,113.89127805245249
9.583333333333334,6.0,1,121.92053228342375
9.583333333333334,6.0,2,121.92053236141047
9.583333333333334,6.0,3,103.71042363373049
10.833333333333334,7.333333333333333,1,121.78405918888234
10.833333333333334,7.333333333333333,2,103.37822827876258
10.833333333333334,7.333333333333333,3,121.7840593009855
8.333333333333334,4.666666666666667,1,113.16272931332445
8.333333333333334,4.666666666666667,2,123.33719461932489
12.083333333333334,9.0,1,127.77747909278442
12.083333333333334,9.0,2,108.81450271099153
12.083333333333334,9.0,3,127.777478884232
7.083333333333333,3.3333333333333335,1,151.42594229893692
7.083333333333333,3.3333333333333335,2,151.42594237657534
9.583333333333334,6.333333333333333,1,121.3370017911963
9.583333333333334,6.333333333333333,2,121.33700178972894
9.583333333333334,6.333333333333333,3,102.38026197265958
10.833333333333334,7.666666666666667,1,122.49467627535212
10.833333333333334,7.666666666666667,2,122.49467638320644
10.833333333333334,7.666666666666667,3,103.73657597476468
12.083333333333334,9.333333333333334,1,129.96579295885937
12.083333333333334,9.333333333333334,2,283.4866529827081
12.083333333333334,9.333333333333334,3,129.9657929237759
12.083333333333334,9.333333333333334,4,110.86726724816121
8.333333333333334,5.0,1,123.83893664343739
8.333333333333334,5.0,2,123.83893673746341
8.333333333333334,5.0,3,108.29961596427968
10.833333333333334,8.0,1,123.69551887768671
10.833333333333334,8.0,2,104.73393128741125
10.833333333333334,8.0,3,123.69551877040708
7.083333333333333,3.6666666666666665,1,134.4636496229555
9.583333333333334,6.666666666666667,1,121.23485739916302
9.583333333333334,6.666666666666667,2,101.88231777259746
9.583333333333334,6.666666666666667,3,121.23485758902541
15.0,3.3333333333333335,1,253.74229917531838
15.0,3.3333333333333335,2,253.74229872251894
12.083333333333334,9.666666666666666,1,132.51892288382598
12.083333333333334,9.666666666666666,2,132.51892276841016
12.083333333333334,9.666666666666666,3,264.08489377837907
10.833333333333334,8.333333333333334,1,125.36629485719182
10.833333333333334,8.333333333333334,2,106.41388610809022
10.833333333333334,8.333333333333334,3,125.36629476530524
8.333333333333334,5.333333333333333,1,123.54349074514671
8.333333333333334,5.333333333333333,2,105.02518080613935
8.333333333333334,5.333333333333333,3,123.54349086195796
9.583333333333334,7.0,1,121.66635613911623
9.583333333333334,7.0,2,102.20407215466835
9.583333333333334,7.0,3,121.66635609611033
7.083333333333333,4.0,1,123.01628383758135
7.083333333333333,4.0,2,173.490958960561
15.0,3.6666666666666665,1,217.87183016132272
5.833333333333333,2.3333333333333335,1,252.01191016002855
5.833333333333333,2.3333333333333335,2,252.01191032060476
5.833333333333333,2.3333333333333335,3,252.01191028831872
12.083333333333334,10.0,1,135.42397275284856
12.083333333333334,10.0,2,230.7469069551622
12.083333333333334,10.0,3,116.97986354727911
12.083333333333334,10.0,4,135.42397256574148
10.833333333333334,8.666666666666666,1,127.4884141005709
10.833333333333334,8.666666666666666,2,262.9787754285085
10.833333333333334,8.666666666666666,3,127.48841395454102
10.833333333333334,8.666666666666666,4,108.84975455414254
10.833333333333334,8.666666666666666,5,262.9787751073264
9.583333333333334,7.333333333333333,1,122.64996109914227
9.583333333333334,7.333333333333333,2,103.37991667935516
9.583333333333334,7.333333333333333,3,122.64996128461021
8.333333333333334,5.666666666666667,1,123.11479214361867
8.333333333333334,5.666666666666667,2,103.07385360684623
8.333333333333334,5.666666666666667,3,123.11479222247874
15.0,4.0,1,192.90374621098692
15.0,4.0,2,192.90374631942095
7.083333333333333,4.333333333333333,1,115.3101088566046
7.083333333333333,4.333333333333333,2,125.12066124920104
5.833333333333333,2.6666666666666665,1,197.05115867932088
5.833333333333333,2.6666666666666665,2,266.5152490652402
5.833333333333333,2.6666666666666665,3,266.5152491937005
10.833333333333334,9.0,1,130.04741149324022
10.833333333333334,9.0,2,130.04741174133622
10.833333333333334,9.0,3,234.6904218425667
13.75,3.0,1,284.72223167197126
13.75,3.0,2,284.72223072632517
9.583333333333334,7.666666666666667,1,124.18696453601308
9.583333333333334,7.666666666666667,2,105.49364072413641
9.583333333333334,7.666666666666667,3,296.79283163151655
9.583333333333334,7.666666666666667,4,296.79283159889786
9.583333333333334,7.666666666666667,5,124.18696468971463
8.333333333333334,6.0,1,122.88360993116207
8.333333333333334,6.0,2,122.88360987590657
8.333333333333334,6.0,3,102.3206747149614
15.0,4.333333333333333,1,174.92236144255352
15.0,4.333333333333333,2,174.9223606809253
7.083333333333333,4.666666666666667,1,110.32605762228832
7.083333333333333,4.666666666666667,2,127.07268019331099
7.083333333333333,4.666666666666667,3,127.07268029315806
10.833333333333334,9.333333333333334,1,133.03446769082902
10.833333333333334,9.333333333333334,2,182.14855995853563
10.833333333333334,9.333333333333334,3,133.03446801087233
10.833333333333334,9.333333333333334,4,116.4714072000284
5.833333333333333,3.0,1,164.51913924318123
5.833333333333333,3.0,2,299.8541266051064
13.75,3.3333333333333335,1,235.6323574261962
13.75,3.3333333333333335,2,235.63235747507636
9.583333333333334,8.0,1,126.27206850965801
9.583333333333334,8.0,2,108.6867677905851
9.583333333333334,8.0,3,241.34352170071594
9.583333333333334,8.0,4,126.27206836706772
8.333333333333334,6.333333333333333,1,123.06811246641459
8.333333333333334,6.333333333333333,2,123.06811233530217
8.333333333333334,6.333333333333333,3,102.75035557916205
15.0,4.666666666666667,1,161.56428407270525
15.0,4.666666666666667,2,232.48916220021547
10.833333333333334,9.666666666666666,1,136.44739552168434
10.833333333333334,9.666666666666666,2,136.44739548664103
10.833333333333334,9.666666666666666,3,122.01782396733275
10.833333333333334,9.666666666666666,4,130.66683804050308
7.083333333333333,5.0,1,128.04292212272026
7.083333333333333,5.0,2,128.04292209043982
7.083333333333333,5.0,3,107.51713573428354
9.583333333333334,8.333333333333334,1,128.90023679402222
9.583333333333334,8.333333333333334,2,128.90023699684207
9.583333333333334,8.333333333333334,3,194.62083744999356
9.583333333333334,8.333333333333334,4,113.17042280537156
9.583333333333334,8.333333333333334,5,194.62083722117987
13.75,3.6666666666666665,1,202.67994589795592
13.75,3.6666666666666665,2,202.67994659217032
5.833333333333333,3.3333333333333335,1,144.1989821970052
8.333333333333334,6.666666666666667,1,123.8124513679547
8.333333333333334,6.666666666666667,2,104.44893427354981
8.333333333333334,6.666666666666667,3,123.81245138245596
15.0,5.0,1,151.36161182535395
15.0,5.0,2,170.07498887020736
10.833333333333334,10.0,1,140.29128228845966
10.833333333333334,10.0,2,129.0521613734206
10.833333333333334,10.0,3,140.29128234747034
10.833333333333334,10.0,4,135.89029711950175
9.583333333333334,8.666666666666666,1,132.07109656334984
9.583333333333334,8.666666666666666,2,132.07109667304528
9.583333333333334,8.666666666666666,3,119.23357900661668
9.583333333333334,8.666666666666666,4,130.74622574724626
13.75,4.0,1,179.75053837577707
13.75,4.0,2,179.75053858725136
7.083333333333333,5.333333333333333,1,106.66446795860233
7.083333333333333,5.333333333333333,2,128.5348134726231
7.083333333333333,5.333333333333333,3,128.53481335519697
8.333333333333334,7.0,1,125.20112509430628
8.333333333333334,7.0,2,125.20112488882721
8.333333333333334,7.0,3,288.0013139871141
8.333333333333334,7.0,4,107.61173091634976
5.833333333333333,3.6666666666666665,1,131.3904266830121
5.833333333333333,3.6666666666666665,2,131.39042696336608
12.5,3.0,1,262.6157980324063
12.5,3.0,2,262.61579808102226
15.0,5.333333333333333,1,143.37858258799102
15.0,5.333333333333333,2,148.59838161971402
9.583333333333334,9.0,1,135.79164121602366
9.583333333333334,9.0,2,135.79164122999453
9.583333333333334,9.0,3,136.3388341424092
9.583333333333334,9.0,4,127.22701970898933
9.583333333333334,9.0,5,127.22701952916478
13.75,4.333333333333333,1,163.254268706186
13.75,4.333333333333333,2,276.7259802189136
8.333333333333334,7.333333333333333,1,209.2147094654026
8.333333333333334,7.333333333333333,2,127.27693370306825
8.333333333333334,7.333333333333333,3,127.27693381749718
8.333333333333334,7.333333333333333,4,112.55644932651924
8.333333333333334,7.333333333333333,5,209.21470978157797
7.083333333333333,5.666666666666667,1,128.7850052995498
7.083333333333333,5.666666666666667,2,107.8189095479906
7.083333333333333,5.666666666666667,3,128.78500511203754
15.0,5.666666666666667,1,144.96792243600473
15.0,5.666666666666667,2,269.58640009840434
15.0,5.666666666666667,3,144.96792258753416
12.5,3.3333333333333335,1,217.88043530494377
12.5,3.3333333333333335,2,217.88043592842018
5.833333333333333,4.0,1,123.75187838532807
5.833333333333333,4.0,2,291.03782645853767
5.833333333333333,4.0,3,123.75187842402215
5.833333333333333,4.0,4,134.772386433427
9.583333333333334,9.333333333333334,1,140.07772838821586
9.583333333333334,9.333333333333334,2,140.07772834248146
9.583333333333334,9.333333333333334,3,142.08753112932385
9.583333333333334,9.333333333333334,4,273.3230122614148
9.583333333333334,9.333333333333334,5,273.3230121411627
13.75,4.666666666666667,1,151.0227614840648
13.75,4.666666666666667,2,209.654952364073
8.333333333333334,7.666666666666667,1,130.06108789427475
8.333333333333334,7.666666666666667,2,130.06108804618387
8.333333333333334,7.666666666666667,3,119.70680313575913
8.333333333333334,7.666666666666667,4,135.17561691350772
7.083333333333333,6.0,1,129.22570425589538
7.083333333333333,6.0,2,129.22570417842783
7.083333333333333,6.0,3,111.2966613157148
15.0,6.0,1,141.35824551159638
15.0,6.0,2,141.35824547461502
9.583333333333334,9.666666666666666,1,144.95459792485238
9.583333333333334,9.666666666666666,2,144.95459773877272
9.583333333333334,9.666666666666666,3,150.1484426084042
9.583333333333334,9.666666666666666,4,148.0754166270431
9.583333333333334,9.666666666666666,5,148.0754169900766
9.583333333333334,9.666666666666666,6,204.0058942364675
12.5,3.6666666666666665,1,187.8458576274332
5.833333333333333,4.333333333333333,1,137.96921338264
5.833333333333333,4.333333333333333,2,137.9692131784442
5.833333333333333,4.333333333333333,3,120.24576867179383
5.833333333333333,4.333333333333333,4,284.2780413901098
8.333333333333334,8.0,1,133.56892782195484
8.333333333333334,8.0,2,288.81566064738007
8.333333333333334,8.0,3,140.92663836905587
8.333333333333334,8.0,4,129.46188210208345
8.333333333333334,8.0,5,129.46188236960276
8.333333333333334,8.0,6,133.5689276452809
8.333333333333334,8.0,7,288.815660651443
13.75,5.0,1,141.70923177291644
13.75,5.0,2,143.8461888385889
7.083333333333333,6.333333333333333,1,130.30619121392073
7.083333333333333,6.333333333333333,2,253.68086613558717
7.083333333333333,6.333333333333333,3,130.30619122672047
7.083333333333333,6.333333333333333,4,253.6808660901541
15.0,6.333333333333333,1,138.02297249807788
15.0,6.333333333333333,2,138.0229725979511
9.583333333333334,10.0,1,150.45642353120795
9.583333333333334,10.0,2,150.45642345602275
9.583333333333334,10.0,3,165.08753814606183
9.583333333333334,10.0,4,234.4634104464994
9.583333333333334,10.0,5,154.33060256302036
12.5,4.0,1,166.95810883583508
12.5,4.0,2,166.95810883409413
5.833333333333333,4.666666666666667,1,141.73689492052807
8.333333333333334,8.333333333333334,1,137.81909534010927
8.333333333333334,8.333333333333334,2,190.5468569409011
8.333333333333334,8.333333333333334,3,137.81909551476662
8.333333333333334,8.333333333333334,4,141.9012694133167
8.333333333333334,8.333333333333334,5,146.29735678332472
8.333333333333334,8.333333333333334,6,146.29735673933484
13.75,5.333333333333333,1,134.45600304912617
13.75,5.333333333333333,2,141.08344780754973
15.0,6.666666666666667,1,135.11429837327512
15.0,6.666666666666667,2,124.14587060626252
15.0,6.666666666666667,3,135.11429819797627
7.083333333333333,6.666666666666667,1,132.28288381480337
7.083333333333333,6.666666666666667,2,127.38963475007947
7.083333333333333,6.666666666666667,3,127.3896349354479
7.083333333333333,6.666666666666667,4,132.2828838639202
11.25,3.0,1,241.00651393584926
11.25,3.0,2,241.0065134197395
12.5,4.333333333333333,1,151.95374813869438
12.5,4.333333333333333,2,247.7438862402733
12.5,4.333333333333333,3,247.7438866086789
8.333333333333334,8.666666666666666,1,142.83707142369704
8.333333333333334,8.666666666666666,2,142.83707165991873
8.333333333333334,8.666666666666666,3,218.60845066126254
8.333333333333334,8.666666666666666,4,156.64702513656016
8.333333333333334,8.666666666666666,5,151.69482404732312
5.833333333333333,5.0,1,144.5641272401424
15.0,7.0,1,132.70115457414767
15.0,7.0,2,132.70115472336352
15.0,7.0,3,121.30558693206585
13.75,5.666666666666667,1,138.07248415031378
13.75,5.666666666666667,2,138.07248433884547
7.083333333333333,7.0,1,135.25111827611235
7.083333333333333,7.0,2,179.67223720801945
7.083333333333333,7.0,3,135.25111832400304
7.083333333333333,7.0,4,267.3441536606575
7.083333333333333,7.0,5,140.21009282900246
11.25,3.3333333333333335,1,200.62560164168653
11.25,3.3333333333333335,2,200.62560136864957
12.5,4.666666666666667,1,140.85995173175297
12.5,4.666666666666667,2,186.60577592685047
12.5,4.666666666666667,3,140.85995167021971
8.333333333333334,9.0,1,148.65422666901446
8.333333333333334,9.0,2,148.65422673369733
8.333333333333334,9.0,3,157.28659513842288
8.333333333333334,9.0,4,173.29215996338027
8.333333333333334,9.0,5,173.29215977812964
8.333333333333334,9.0,6,173.29215991065556
8.333333333333334,9.0,7,157.28659514931599
8.333333333333334,9.0,8,276.18148406462564
15.0,7.333333333333333,1,130.8049581797817
15.0,7.333333333333333,2,119.00659839843101
15.0,7.333333333333333,3,130.8049578709822
13.75,6.0,1,135.04590657574656
13.75,6.0,2,135.0459064026703
5.833333333333333,5.333333333333333,1,144.3802342893823
5.833333333333333,5.333333333333333,2,144.38023429473768
7.083333333333333,7.333333333333333,1,139.23643838043495
7.083333333333333,7.333333333333333,2,155.03822131593378
7.083333333333333,7.333333333333333,3,139.23643814657862
7.083333333333333,7.333333333333333,4,155.1852667695083
11.25,3.6666666666666665,1,173.51263896066607
12.5,5.0,1,132.45173351628324
12.5,5.0,2,136.30276686273086
8.333333333333334,9.333333333333334,1,155.30279014512195
8.333333333333334,9.333333333333334,2,155.30279002604357
8.333333333333334,9.333333333333334,3,191.97546610069801
8.333333333333334,9.333333333333334,4,163.15420125205753
15.0,7.666666666666667,1,129.42220639843956
15.0,7.666666666666667,2,117.18536250425117
15.0,7.666666666666667,3,129.4222063868092
13.75,6.333333333333333,1,120.37068118587851
13.75,6.333333333333333,2,132.29583839676593
13.75,6.333333333333333,3,132.29583834718602
10.0,2.6666666666666665,1,275.9104776076465
10.0,2.6666666666666665,2,275.91047731801564
7.083333333333333,7.666666666666667,1,144.24048055514623
7.083333333333333,7.666666666666667,2,144.24048077100937
7.083333333333333,7.666666666666667,3,144.24048076934665
7.083333333333333,7.666666666666667,4,158.82249915460747
7.083333333333333,7.666666666666667,5,243.86314949090635
5.833333333333333,5.666666666666667,1,143.66074054820143
5.833333333333333,5.666666666666667,2,165.08579365245188
5.833333333333333,5.666666666666667,3,265.44885424838526
5.833333333333333,5.666666666666667,4,152.53345768032918
8.333333333333334,9.666666666666666,1,162.806582068471
8.333333333333334,9.666666666666666,2,162.80658195532334
8.333333333333334,9.666666666666666,3,213.86542023576206
8.333333333333334,9.666666666666666,4,169.34469825558074
8.333333333333334,9.666666666666666,5,213.8654205482213
8.333333333333334,9.666666666666666,6,169.3446982760202
12.5,5.333333333333333,1,125.95042834405086
12.5,5.333333333333333,2,134.39441825819884
15.0,8.0,1,128.53702990768636
15.0,8.0,2,128.53702999680453
15.0,8.0,3,115.7953956540162
11.25,4.0,1,154.67501792838158
13.75,6.666666666666667,1,129.9752834104977
13.75,6.666666666666667,2,129.97528343564173
13.75,6.666666666666667,3,117.3757351288725
7.083333333333333,8.0,1,150.25030603685798
7.083333333333333,8.0,2,150.2503061426617
10.0,3.0,1,220.11287298242604
10.0,3.0,2,220.1128722526421
5.833333333333333,6.0,1,144.51668335211158
5.833333333333333,6.0,2,205.68326549601755
8.333333333333334,10.0,1,171.16747355512067
8.333333333333334,10.0,2,171.1674735244778
8.333333333333334,10.0,3,171.16747328345244
8.333333333333334,10.0,4,243.73379548931925
8.333333333333334,10.0,5,243.73379542715594
15.0,8.333333333333334,1,128.12771954507582
15.0,8.333333333333334,2,114.80234103249443
15.0,8.333333333333334,3,128.1277193744905
12.5,5.666666666666667,1,131.96984349580526
12.5,5.666666666666667,2,131.96984354580113
11.25,4.333333333333333,1,141.17692561760487
11.25,4.333333333333333,2,218.63455047034802
13.75,7.0,1,128.15107399455746
13.75,7.0,2,114.99495980502789
13.75,7.0,3,128.1510740009064
7.083333333333333,8.333333333333334,1,157.22789787159934
7.083333333333333,8.333333333333334,2,215.60296633967073
7.083333333333333,8.333333333333334,3,215.60296629480695
15.0,8.666666666666666,1,128.16991157316767
15.0,8.666666666666666,2,114.18094419801277
15.0,8.666666666666666,3,128.1699118125538
10.0,3.3333333333333335,1,184.09443396704904
10.0,3.3333333333333335,2,184.09443391426979
5.833333333333333,6.333333333333333,1,147.06861761417156
5.833333333333333,6.333333333333333,2,257.7537951408574
5.833333333333333,6.333333333333333,3,241.53583495013686
5.833333333333333,6.333333333333333,4,186.73258438210468
12.5,6.0,1,129.53806125630618
12.5,6.0,2,129.53806172763157
12.5,6.0,3,116.82711573563759
13.75,7.333333333333333,1,126.84292152304967
13.75,7.333333333333333,2,126.8429217280986
13.75,7.333333333333333,3,113.15020683068349
11.25,4.666666666666667,1,131.24233732689976
11.25,4.666666666666667,2,163.02752903360326
7.083333333333333,8.666666666666666,1,165.08840969586242
7.083333333333333,8.666666666666666,2,268.2670453734891
15.0,9.0,1,128.6380465956903
15.0,9.0,2,113.91324301470635
15.0,9.0,3,128.63804664584507
5.833333333333333,6.666666666666667,1,151.1049257356823
10.0,3.6666666666666665,1,159.9173593598268
10.0,3.6666666666666665,2,159.9173590928906
13.75,7.666666666666667,1,126.04562420518309
13.75,7.666666666666667,2,126.04562425594048
13.75,7.666666666666667,3,111.78667813577297
12.5,6.333333333333333,1,127.3992788864978
12.5,6.333333333333333,2,113.65698366467267
12.5,6.333333333333333,3,127.3992787165517
11.25,5.0,1,130.14862836519717
11.25,5.0,2,123.76960917152842
7.083333333333333,9.0,1,173.67354573310038
7.083333333333333,9.0,2,286.9532309112056
7.083333333333333,9.0,3,286.95323094904546
15.0,9.333333333333334,1,129.50606369498198
15.0,9.333333333333334,2,113.98753845406574
15.0,9.333333333333334,3,129.50606374605363
13.75,8.0,1,125.74111921172904
13.75,8.0,2,110.86595939538832
13.75,8.0,3,125.74111944114725
5.833333333333333,7.0,1,156.3444622843337
5.833333333333333,7.0,2,260.0920868896918
5.833333333333333,7.0,3,249.55694609325246
12.5,6.666666666666667,1,125.69877139387556
12.5,6.666666666666667,2,111.19656683445436
12.5,6.666666666666667,3,125.69877145770248
10.0,4.0,1,143.15182862266536
10.0,4.0,2,264.4424033865581
11.25,5.333333333333333,1,128.82165980485192
11.25,5.333333333333333,2,128.82165970185054
7.083333333333333,9.333333333333334,1,182.7280523248542
15.0,9.666666666666666,1,130.74785555564867
15.0,9.666666666666666,2,114.39787963279424
15.0,9.666666666666666,3,130.74785539057592
13.75,8.333333333333334,1,125.90491961873208
13.75,8.333333333333334,2,110.36181951730681
13.75,8.333333333333334,3,125.90491963024364
8.75,2.6666666666666665,1,249.3310125744322
8.75,2.6666666666666665,2,249.33101265909514
12.5,7.0,1,124.4972821615818
12.5,7.0,2,109.34857834975257
12.5,7.0,3,124.49728235731747
5.833333333333333,7.333333333333333,1,162.43063994348324
5.833333333333333,7.333333333333333,2,262.43391923052934
10.0,4.333333333333333,1,131.19227869351803
10.0,4.333333333333333,2,189.35401334078452
10.0,4.333333333333333,3,131.19227873645346
15.0,10.0,1,132.33773554774214
15.0,10.0,2,132.3377356101245
15.0,10.0,3,115.14392465085061
7.083333333333333,9.666666666666666,1,191.88719688411885
11.25,5.666666666666667,1,126.95889495442155
11.25,5.666666666666667,2,113.66852762818439
11.25,5.666666666666667,3,126.95889491274454
13.75,8.666666666666666,1,126.50959674629554
13.75,8.666666666666666,2,110.25777924076687
13.75,8.666666666666666,3,126.5095970986176
12.5,7.333333333333333,1,123.81016292515837
12.5,7.333333333333333,2,123.81016291220034
12.5,7.333333333333333,3,108.04799312275745
5.833333333333333,7.666666666666667,1,168.91943773727343
8.75,3.0,1,200.31318347422004
8.75,3.0,2,200.31318365691698
10.0,4.666666666666667,1,122.46254944530514
10.0,4.666666666666667,2,136.43304469738723
10.0,4.666666666666667,3,122.46254928855227
7.083333333333333,10.0,1,200.67904854425754
11.25,6.0,1,125.13900350386324
11.25,6.0,2,110.30180547688181
11.25,6.0,3,125.13900356040648
13.75,9.0,1,127.52680619535823
13.75,9.0,2,127.52680616722446
13.75,9.0,3,110.54585081753905
12.5,7.666666666666667,1,123.62874469799534
12.5,7.666666666666667,2,107.25236015337266
12.5,7.666666666666667,3,123.62874422525594
5.833333333333333,8.0,1,175.4000204151907
5.833333333333333,8.0,2,268.71781842499456
8.75,3.3333333333333335,1,168.68853732947272
10.0,5.0,1,115.98816099449596
10.0,5.0,2,125.73894873047283
11.25,6.333333333333333,1,123.64010086818043
11.25,6.333333333333333,2,123.64010098843069
11.25,6.333333333333333,3,107.77267325768459
12.5,8.0,1,106.93608294992632
12.5,8.0,2,123.93215338580023
12.5,8.0,3,123.93215330383356
5.833333333333333,8.333333333333334,1,181.9775316168374
5.833333333333333,8.333333333333334,2,272.22967905048597
8.75,3.6666666666666665,1,147.49097613011725
10.0,5.333333333333333,1,124.82306394389325
10.0,5.333333333333333,2,124.82306382662982
10.0,5.333333333333333,3,111.15728269221755
11.25,6.666666666666667,1,122.59223045123466
11.25,6.666666666666667,2,105.95978683888647
11.25,6.666666666666667,3,122.59223067286264
7.5,2.3333333333333335,1,294.2852848225219
7.5,2.3333333333333335,2,294.2852848658945
5.833333333333333,8.666666666666666,1,189.7044938847508
5.833333333333333,8.666666666666666,2,275.5491923115554
11.25,7.0,1,122.04787166798424
11.25,7.0,2,122.04787183091959
11.25,7.0,3,104.78685850702506
10.0,5.666666666666667,1,123.52763913518962
10.0,5.666666666666667,2,123.52763938020681
10.0,5.666666666666667,3,107.58335125005485
8.75,4.0,1,132.8565462097843
8.75,4.0,2,225.7441306702406
5.833333333333333,9.0,1,201.48822316393233
5.833333333333333,9.0,2,201.4882232049429
7.5,2.6666666666666665,1,224.51598180188853
10.0,6.0,1,122.350530522527
10.0,6.0,2,122.35053032924363
10.0,6.0,3,178.4221722421668
10.0,6.0,4,105.02351270303159
8.75,4.333333333333333,1,122.51655922965233
8.75,4.333333333333333,2,159.50659391608247
5.833333333333333,9.333333333333334,1,215.78324561772493
5.833333333333333,9.333333333333334,2,215.78324589818794
7.5,3.0,1,182.33945247330618
8.75,4.666666666666667,1,115.10342626121567
8.75,4.666666666666667,2,123.20064200739532
5.833333333333333,9.666666666666666,1,231.51012860260835
7.5,3.3333333333333335,1,155.21432038823426
8.75,5.0,1,123.73760827005327
8.75,5.0,2,109.78115582465045
8.75,5.0,3,123.73760853848144
5.833333333333333,10.0,1,251.19692802545606
7.5,3.6666666666666665,1,137.13487097821613
7.5,4.0,1,124.81297597021053
7.5,4.0,2,186.87604716219948
6.25,2.3333333333333335,1,261.67428413452626
6.25,2.3333333333333335,2,261.6742839329163
6.25,2.3333333333333335,3,261.67428390833214
6.25,2.6666666666666665,1,202.956824271432
6.25,2.6666666666666665,2,278.5948102936215
6.25,2.6666666666666665,3,202.9568241585803
6.25,2.6666666666666665,4,278.5948113140519
6.25,3.0,1,167.88201278949785
